NAME	SCORE_GFP_1	SCORE_GFP_2	SCORE_GFP_3	SCORE_GFP_4	SCORE_54_1	SCORE_54_2	SCORE_54_3	SCORE_54_4	SHORTNAME	UNIQUE_ACCS
Extended synaptotagmin-2 OS=Homo sapiens GN=ESYT2 PE=1 SV=1 - [ESYT2_HUMAN]	0.1	0.1	0.1	0.1	80.23999999999999	0.1	97.20666667	0.1	ESYT2	A0FGR8
Ras-related protein Rap-1b-like protein OS=Homo sapiens PE=2 SV=1 - [RP1BL_HUMAN]	0.1	0.1	0.1	0.1	118.6366667	72.70334554999999	0.1	123.6929539	RP1BL	A6NIZ1
Heterogeneous nuclear ribonucleoprotein C-like 2 OS=Homo sapiens GN=HNRNPCL2 PE=2 SV=1 - [HNRC2_HUMAN]	0.1	0.1	0.1	0.1	0.1	80.77659093	0.1	0.1	HNRC2	B2RXH8
Alkyldihydroxyacetonephosphate synthase, peroxisomal OS=Homo sapiens GN=AGPS PE=1 SV=1 - [ADAS_HUMAN]	0.1	0.1	0.1	0.1	0.1	50.89397103	55.84	0.1	ADAS	O00116
Unconventional myosin-Ic OS=Homo sapiens GN=MYO1C PE=1 SV=4 - [MYO1C_HUMAN]	154.31	0.1	0.1	0.1	508.573934	0.1	441.6253797	0.1	MYO1C	O00159
26S proteasome non-ATPase regulatory subunit 11 OS=Homo sapiens GN=PSMD11 PE=1 SV=3 - [PSD11_HUMAN]	61.37306808	0.1	0.1	0.1	96.90000000000001	87.0912754	55.92106782	80.15728371	PSD11	O00231
Chloride intracellular channel protein 1 OS=Homo sapiens GN=CLIC1 PE=1 SV=4 - [CLIC1_HUMAN]	0.1	0.1	76.40333333	0.1	0.1	0.1	108.88	0.1	CLIC1	O00299
Importin-5 OS=Homo sapiens GN=IPO5 PE=1 SV=4 - [IPO5_HUMAN]	0.1	0.1	0.1	0.1	60.62666667	0.1	204.9320081	0.1	IPO5	O00410
Insulin-like growth factor 2 mRNA-binding protein 3 OS=Homo sapiens GN=IGF2BP3 PE=1 SV=2 - [IF2B3_HUMAN]	69.86450979999999	0.1	0.1	0.1	182.82	171.9959566	174.5624257	0.1	IF2B3	O00425
ATP-dependent RNA helicase DDX3X OS=Homo sapiens GN=DDX3X PE=1 SV=3 - [DDX3X_HUMAN]	148.07	0.1	0.1	0.1	178.12	0.1	222.1828571	89.20118062	DDX3X	O00571
Podocalyxin OS=Homo sapiens GN=PODXL PE=1 SV=2 - [PODXL_HUMAN]	0.1	0.1	0.1	0.1	0.1	0.1	0.1	67.0813308	PODXL	O00592
Proteasome subunit alpha type-7 OS=Homo sapiens GN=PSMA7 PE=1 SV=1 - [PSA7_HUMAN]	0.1	0.1	172.19	121.9252601	101.8833333	0.1	153.5166667	127.7649075	PSA7	O14818
Secretory carrier-associated membrane protein 3 OS=Homo sapiens GN=SCAMP3 PE=1 SV=3 - [SCAM3_HUMAN]	0.1	0.1	124.03	0.1	0.1	0.1	108.6066667	119.7147225	SCAM3	O14828
Exportin-1 OS=Homo sapiens GN=XPO1 PE=1 SV=1 - [XPO1_HUMAN]	0.1	0.1	0.1	0.1	124.9	0.1	101.6033333	0.1	XPO1	O14980
Membrane-associated progesterone receptor component 2 OS=Homo sapiens GN=PGRMC2 PE=1 SV=1 - [PGRC2_HUMAN]	80.45999999999999	0.1	0.1	0.1	185.5033333	106.9959566	183.7931963	88.54236124000001	PGRC2	O15173
Surfeit locus protein 4 OS=Homo sapiens GN=SURF4 PE=1 SV=3 - [SURF4_HUMAN]	0.1	0.1	0.1	0.1	0.1	0.1	100.4766667	0.1	SURF4	O15260
D-3-phosphoglycerate dehydrogenase OS=Homo sapiens GN=PHGDH PE=1 SV=4 - [SERA_HUMAN]	332.0954545	144.2735637	454.4998278	0.1	323.9	136.3989348	464.5334859	95.73472246999999	SERA	O43175
26S proteasome non-ATPase regulatory subunit 3 OS=Homo sapiens GN=PSMD3 PE=1 SV=2 - [PSMD3_HUMAN]	0.1	0.1	164.63	0.1	0.1	0.1	158.52	0.1	PSMD3	O43242
Eukaryotic translation elongation factor 1 epsilon-1 OS=Homo sapiens GN=EEF1E1 PE=1 SV=1 - [MCA3_HUMAN]	0.1	0.1	0.1	0.1	0.1	0.1	89.26059178	0.1	MCA3	O43324
Tumor protein D54 OS=Homo sapiens GN=TPD52L2 PE=1 SV=2 - [TPD54_HUMAN]	0.1	312.7560356	0.1	0.1	6434.910636	10110.36435	8582.80515	10498.43153	TPD54	O43399
Alpha-actinin-4 OS=Homo sapiens GN=ACTN4 PE=1 SV=2 - [ACTN4_HUMAN]	241.7366667	0.1	0.1	0.1	0.1	0.1	303.9809598	0.1	ACTN4	O43707
Keratin, type II cuticular Hb6 OS=Homo sapiens GN=KRT86 PE=1 SV=1 - [KRT86_HUMAN]	0.1	188.7598579	0.1	0.1	0.1	0.1	0.1	0.1	KRT86	O43790
Unconventional myosin-Ib OS=Homo sapiens GN=MYO1B PE=1 SV=3 - [MYO1B_HUMAN]	0.1	0.1	0.1	0.1	103.3595693	0.1	86.11	0.1	MYO1B	O43795
LanC-like protein 1 OS=Homo sapiens GN=LANCL1 PE=1 SV=1 - [LANC1_HUMAN]	303.9672727	1145.725885	180.5633333	887.7304489000001	251.92	939.4072296000001	233.6328571	795.4891217000001	LANC1	O43813
Putative nucleoside diphosphate kinase OS=Homo sapiens GN=NME2P1 PE=5 SV=1 - [NDK8_HUMAN]	0.1	0.1	35.18	0.1	0.1	0.1	0.1	0.1	NDK8	O60361
Heterogeneous nuclear ribonucleoprotein Q OS=Homo sapiens GN=SYNCRIP PE=1 SV=2 - [HNRPQ_HUMAN]	71.56	0.1	0.1	0.1	99.16	0.1	67.84	0.1	HNRPQ	O60506
Dolichol-phosphate mannosyltransferase subunit 1 OS=Homo sapiens GN=DPM1 PE=1 SV=1 - [DPM1_HUMAN]	0.1	0.1	0.1	0.1	0.1	87.79000000000001	196.42	66.18118062000001	DPM1	O60762
Histone H2B type 1-K OS=Homo sapiens GN=HIST1H2BK PE=1 SV=3 - [H2B1K_HUMAN]	0.1	115.6772552	0.1	549.2603725	226.8280341	456.6808153	338.3743964	725.6073349	H2B1K	O60814
WD repeat-containing protein 1 OS=Homo sapiens GN=WDR1 PE=1 SV=4 - [WDR1_HUMAN]	0.1	0.1	142.8766667	0.1	0.1	0.1	0.1	0.1	WDR1	O75083
Programmed cell death protein 6 OS=Homo sapiens GN=PDCD6 PE=1 SV=1 - [PDCD6_HUMAN]	0.1	0.1	0.1	0.1	0.1	0.1	89.59	0.1	PDCD6	O75340
Core histone macro-H2A.1 OS=Homo sapiens GN=H2AFY PE=1 SV=4 - [H2AY_HUMAN]	0.1	0.1	0.1	0.1	116.4237753	0.1	148.4831616	0.1	H2AY	O75367
Filamin-B OS=Homo sapiens GN=FLNB PE=1 SV=2 - [FLNB_HUMAN]	0.1	0.1	83.79333333	0.1	0.1	279.2999173	577.3967026	328.1320873	FLNB	O75369
Vesicle-trafficking protein SEC22b OS=Homo sapiens GN=SEC22B PE=1 SV=4 - [SC22B_HUMAN]	0.1	0.1	187.109699	0.1	0.1	63.98053549	128.9456559	74.08708371	SC22B	O75396
Barrier-to-autointegration factor OS=Homo sapiens GN=BANF1 PE=1 SV=1 - [BAF_HUMAN]	0.1	0.1	0.1	0.1	109.6	0.1	0.1	0.1	BAF	O75531
Nuclear pore complex protein Nup155 OS=Homo sapiens GN=NUP155 PE=1 SV=1 - [NU155_HUMAN]	0.1	0.1	0.1	0.1	195.9659691	0.1	229.1514141	0.1	NU155	O75694
ATP synthase subunit g, mitochondrial OS=Homo sapiens GN=ATP5L PE=1 SV=3 - [ATP5L_HUMAN]	38.19	0.1	0.1	0.1	0.1	0.1	0.1	0.1	ATP5L	O75964
Vesicle-associated membrane protein-associated protein B/C OS=Homo sapiens GN=VAPB PE=1 SV=3 - [VAPB_HUMAN]	0.1	0.1	0.1	0.1	74.22	0.1	98.95759145	43.30236124	VAPB	O95292
Structural maintenance of chromosomes protein 2 OS=Homo sapiens GN=SMC2 PE=1 SV=2 - [SMC2_HUMAN]	91.22	0.1	0.1	0.1	129.51	0.1	105.2369227	0.1	SMC2	O95347
Importin-7 OS=Homo sapiens GN=IPO7 PE=1 SV=1 - [IPO7_HUMAN]	0.1	0.1	100.8880975	0.1	124.7391097	0.1	210.0371429	0.1	IPO7	O95373
Long-chain-fatty-acid--CoA ligase 3 OS=Homo sapiens GN=ACSL3 PE=1 SV=3 - [ACSL3_HUMAN]	0.1	0.1	0.1	0.1	321.0436348	333.6122803	288.6855402	181.4923814	ACSL3	O95573
Ras-related protein Rab-3D OS=Homo sapiens GN=RAB3D PE=1 SV=1 - [RAB3D_HUMAN]	0.1	0.1	0.1	0.1	142.31	0.1	86.53666667	0.1	RAB3D	O95716
Heat shock 70 kDa protein 4L OS=Homo sapiens GN=HSPA4L PE=1 SV=3 - [HS74L_HUMAN]	0.1	0.1	0.1	0.1	0.1	0.1	118.4033333	0.1	HS74L	O95757
Apoptosis-inducing factor 1, mitochondrial OS=Homo sapiens GN=AIFM1 PE=1 SV=1 - [AIFM1_HUMAN]	0.1	0.1	0.1	0.1	40.22	0.1	94.68000000000001	0.1	AIFM1	O95831
L-lactate dehydrogenase A chain OS=Homo sapiens GN=LDHA PE=1 SV=2 - [LDHA_HUMAN]	155.4966667	0.1	363.5342848	0.1	100.2981434	141.2487073	253.4121426	115.4003128	LDHA	P00338
NADH-cytochrome b5 reductase 3 OS=Homo sapiens GN=CYB5R3 PE=1 SV=3 - [NB5R3_HUMAN]	0.1	0.1	0.1	0.1	121.95	0.1	124.4968534	0.1	NB5R3	P00387
Glutathione reductase, mitochondrial OS=Homo sapiens GN=GSR PE=1 SV=2 - [GSHR_HUMAN]	67.25	0.1	46.17058996	0.1	68.07745328	0.1	150.27	0.1	GSHR	P00390
Aspartate aminotransferase, mitochondrial OS=Homo sapiens GN=GOT2 PE=1 SV=3 - [AATM_HUMAN]	0.1	0.1	122.3264103	0.1	0.1	0.1	0.1	0.1	AATM	P00505
Phosphoglycerate kinase 1 OS=Homo sapiens GN=PGK1 PE=1 SV=3 - [PGK1_HUMAN]	52.18	0.1	166.8042857	0.1	0.1	0.1	149.9959172	0.1	PGK1	P00558
GTPase NRas OS=Homo sapiens GN=NRAS PE=1 SV=1 - [RASN_HUMAN]	0.1	0.1	0.1	0.1	0.1	0.1	131.1523745	0.1	RASN	P01111
T-cell surface glycoprotein CD8 alpha chain OS=Homo sapiens GN=CD8A PE=1 SV=1 - [CD8A_HUMAN]	0.1	0.1	0.1	0.1	47.79347067	0.1	73.58347067	0.1	CD8A	P01732
HLA class I histocompatibility antigen, A-68 alpha chain OS=Homo sapiens GN=HLA-A PE=1 SV=4 - [1A68_HUMAN]	0.1	638.3665882	105.8641265	424.0375485	389.0945352	1009.71716	359.6598905	0.1	1A68	P01891
Keratin, type I cytoskeletal 14 OS=Homo sapiens GN=KRT14 PE=1 SV=4 - [K1C14_HUMAN]	1144.99919	1635.97703	1509.643161	2263.655213	845.6919204	1769.212528	838.5986459	606.2159942	K1C14	P02533
Keratin, type II cytoskeletal 6A OS=Homo sapiens GN=KRT6A PE=1 SV=3 - [K2C6A_HUMAN]	1508.300501	0.1	1131.308746	1738.734914	1019.047994	1668.284975	1588.234551	0.1	K2C6A	P02538
Prelamin-A/C OS=Homo sapiens GN=LMNA PE=1 SV=1 - [LMNA_HUMAN]	3666.692265	2973.983462	594.7746380999999	5821.12534	3893.224753	2371.448136	3124.73799	8320.196521	LMNA	P02545
Serum albumin OS=Homo sapiens GN=ALB PE=1 SV=2 - [ALBU_HUMAN]	247.205	84.29360366	257.5887079	171.6731445	52.43	412.3340379	193.4128571	358.0029563	ALBU	P02768
Transferrin receptor protein 1 OS=Homo sapiens GN=TFRC PE=1 SV=2 - [TFR1_HUMAN]	80.09233347999999	155.1281317	151.4930002	0.1	177.420143	426.3371674	288.017842	635.8916932	TFR1	P02786
Catalase OS=Homo sapiens GN=CAT PE=1 SV=3 - [CATA_HUMAN]	0.1	0.1	0.1	0.1	0.1	0.1	109.3260451	0.1	CATA	P04040
Fructose-bisphosphate aldolase A OS=Homo sapiens GN=ALDOA PE=1 SV=2 - [ALDOA_HUMAN]	77.39333333	217.7199031	577.2858821	153.5313996	0.1	200.1832368	183.99	166.7465052	ALDOA	P04075
Annexin A1 OS=Homo sapiens GN=ANXA1 PE=1 SV=2 - [ANXA1_HUMAN]	177.00501	0.1	189.057402	0.1	115.4764142	0.1	153.1210016	0.1	ANXA1	P04083
Keratin, type II cytoskeletal 6B OS=Homo sapiens GN=KRT6B PE=1 SV=5 - [K2C6B_HUMAN]	1636.442483	1855.397377	1275.592802	0.1	1080.180059	0.1	1664.547164	1969.370024	K2C6B	P04259
Keratin, type II cytoskeletal 1 OS=Homo sapiens GN=KRT1 PE=1 SV=6 - [K2C1_HUMAN]	5282.200544	8807.390995	5366.135264	11234.76934	2995.861531	9919.639922	5068.752915	8467.693277	K2C1	P04264
Glyceraldehyde-3-phosphate dehydrogenase OS=Homo sapiens GN=GAPDH PE=1 SV=3 - [G3P_HUMAN]	339.5633333	940.1498219	343.4357143	918.9024355	338.8581056	1444.893867	531.6533333	1590.514914	G3P	P04406
Heat shock protein beta-1 OS=Homo sapiens GN=HSPB1 PE=1 SV=2 - [HSPB1_HUMAN]	95.91625824	201.0011213	120.4381208	152.9113996	180.18	237.4473733	246.0973883	232.6725933	HSPB1	P04792
Dolichyl-diphosphooligosaccharide--protein glycosyltransferase subunit 1 OS=Homo sapiens GN=RPN1 PE=1 SV=1 - [RPN1_HUMAN]	247.49	139.7176218	125.5566667	0.1	115.13	345.762024	298.3824168	326.6531715	RPN1	P04843
Dolichyl-diphosphooligosaccharide--protein glycosyltransferase subunit 2 OS=Homo sapiens GN=RPN2 PE=1 SV=3 - [RPN2_HUMAN]	148.6555561	0.1	0.1	0.1	234.4339095	74.21529470999999	198.7882223	119.3752058	RPN2	P04844
Guanine nucleotide-binding protein G(i) subunit alpha-2 OS=Homo sapiens GN=GNAI2 PE=1 SV=3 - [GNAI2_HUMAN]	0.1	0.1	0.1	0.1	0.1	90.39893483	200.0708437	95.54249861	GNAI2	P04899
Histone H2A type 1-B/E OS=Homo sapiens GN=HIST1H2AB PE=1 SV=2 - [H2A1B_HUMAN]	0.1	0.1	0.1	0.1	0.1	0.1	845.1140149	0.1	H2A1B	P04908
Sodium/potassium-transporting ATPase subunit alpha-1 OS=Homo sapiens GN=ATP1A1 PE=1 SV=1 - [AT1A1_HUMAN]	207.7975453	0.1	244.9269793	0.1	250.04	231.4181239	279.2814893	197.4038192	AT1A1	P05023
ADP/ATP translocase 2 OS=Homo sapiens GN=SLC25A5 PE=1 SV=7 - [ADT2_HUMAN]	0.1	122.6685937	105.33	152.1358808	117.3984177	375.6214951	114.7517166	528.1002201	ADT2	P05141
Ubiquitin-like protein ISG15 OS=Homo sapiens GN=ISG15 PE=1 SV=5 - [ISG15_HUMAN]	52.45	0.1	177.25	0.1	0.1	0.1	139.4433333	0.1	ISG15	P05161
Alkaline phosphatase, tissue-nonspecific isozyme OS=Homo sapiens GN=ALPL PE=1 SV=4 - [PPBT_HUMAN]	0.1	0.1	0.1	0.1	102.29	90.94862805	77.02	98.78805581	PPBT	P05186
60S acidic ribosomal protein P0 OS=Homo sapiens GN=RPLP0 PE=1 SV=1 - [RLA0_HUMAN]	332.503867	257.114486	152.8337402	193.3322214	310.1969579	251.5488495	473.675593	356.5303933	RLA0	P05388
Integrin beta-1 OS=Homo sapiens GN=ITGB1 PE=1 SV=2 - [ITB1_HUMAN]	82.20333333000001	0.1	0.1	0.1	202.31	107.1529783	195.3544015	57.46314832	ITB1	P05556
Keratin, type I cytoskeletal 18 OS=Homo sapiens GN=KRT18 PE=1 SV=2 - [K1C18_HUMAN]	389.0392078	268.1945684	380.7403953	154.0160422	1224.198125	0.1	518.6207055	144.9229536	K1C18	P05783
Keratin, type II cytoskeletal 8 OS=Homo sapiens GN=KRT8 PE=1 SV=7 - [K2C8_HUMAN]	304.6685342	598.2094121	323.2731098	429.596067	2131.57523	918.4216455	972.7259857	580.5020931	K2C8	P05787
ATP synthase subunit beta, mitochondrial OS=Homo sapiens GN=ATP5B PE=1 SV=3 - [ATPB_HUMAN]	476.5255217	252.7181342	318.4107261	161.1489778	394.2944379	379.7734436	425.7526968	629.7890393	ATPB	P06576
Alpha-enolase OS=Homo sapiens GN=ENO1 PE=1 SV=2 - [ENOA_HUMAN]	515.5118884	1043.090377	739.8282306999999	276.5431491	401.3592691	859.5671000999999	817.5035342	1692.820154	ENOA	P06733
Glycogen phosphorylase, liver form OS=Homo sapiens GN=PYGL PE=1 SV=4 - [PYGL_HUMAN]	0.1	0.1	0.1	0.1	0.1	0.1	0.1	113.5070837	PYGL	P06737
Glucose-6-phosphate isomerase OS=Homo sapiens GN=GPI PE=1 SV=4 - [G6PI_HUMAN]	0.1	0.1	183.31	0.1	0.1	0.1	75.22666667	0.1	G6PI	P06744
Integrin alpha-V OS=Homo sapiens GN=ITGAV PE=1 SV=2 - [ITAV_HUMAN]	0.1	0.1	0.1	0.1	122.3033333	0.1	100.89	0.1	ITAV	P06756
Lipoprotein lipase OS=Homo sapiens GN=LPL PE=1 SV=1 - [LIPL_HUMAN]	0.1	0.1	0.1	90.20543738000001	0.1	0.1	129.81	0.1	LIPL	P06858
Histone H2B type 1-J OS=Homo sapiens GN=HIST1H2BJ PE=1 SV=3 - [H2B1J_HUMAN]	0.1	0.1	0.1	571.2101034	136.4521836	0.1	370.7092937	468.8059973	H2B1J	P06899
L-lactate dehydrogenase B chain OS=Homo sapiens GN=LDHB PE=1 SV=2 - [LDHB_HUMAN]	0.1	134.3161369	372.6831124	0.1	98.05818442	0.1	243.054251	0.1	LDHB	P07195
Protein disulfide-isomerase OS=Homo sapiens GN=P4HB PE=1 SV=3 - [PDIA1_HUMAN]	0.1	0.1	0.1	0.1	68.92	0.1	93.46930127	0.1	PDIA1	P07237
Annexin A2 OS=Homo sapiens GN=ANXA2 PE=1 SV=2 - [ANXA2_HUMAN]	258.3218307	586.8268798	715.5698797	686.0722311	300.4936364	523.4306024	467.8034217	609.847956	ANXA2	P07355
Tubulin beta chain OS=Homo sapiens GN=TUBB PE=1 SV=2 - [TBB5_HUMAN]	1375.834333	601.4085211	617.4435009	620.3411298	768.1029976	731.7346593	1135.536422	1037.699805	TBB5	P07437
Profilin-1 OS=Homo sapiens GN=PFN1 PE=1 SV=2 - [PROF1_HUMAN]	0.1	75.35875881	211.41	106.8413996	52.84	80.29931402	89.10666667	0.1	PROF1	P07737
Bifunctional glutamate/proline--tRNA ligase OS=Homo sapiens GN=EPRS PE=1 SV=5 - [SYEP_HUMAN]	136.0987663	127.9881382	53.05284095	0.1	256.5957143	226.7387073	376.6998024	220.5478708	SYEP	P07814
Heat shock protein HSP 90-alpha OS=Homo sapiens GN=HSP90AA1 PE=1 SV=5 - [HS90A_HUMAN]	435.8344258	1127.670377	541.4943725000001	742.1607623	224.8677292	1068.391112	422.7835741	1027.867047	HS90A	P07900
Heterogeneous nuclear ribonucleoproteins C1/C2 OS=Homo sapiens GN=HNRNPC PE=1 SV=4 - [HNRPC_HUMAN]	0.1	0.1	0.1	0.1	0.1	0.1	78.03805534999999	71.17118062	HNRPC	P07910
Thrombospondin-1 OS=Homo sapiens GN=THBS1 PE=1 SV=2 - [TSP1_HUMAN]	141.2550785	0.1	84.62	0.1	141.2118732	0.1	280.908397	0.1	TSP1	P07996
Heat shock 70 kDa protein 1A/1B OS=Homo sapiens GN=HSPA1A PE=1 SV=5 - [HSP71_HUMAN]	650.4971776	1000.271893	473.2883638	751.9837471	614.0995173	1392.680441	697.6961684	1253.699493	HSP71	P08107
4F2 cell-surface antigen heavy chain OS=Homo sapiens GN=SLC3A2 PE=1 SV=3 - [4F2_HUMAN]	381.175136	713.5473158999999	169.215	743.2052427	506.4153827	1123.791615	584.6651783	966.3008853	4F2	P08195
Heat shock protein HSP 90-beta OS=Homo sapiens GN=HSP90AB1 PE=1 SV=4 - [HS90B_HUMAN]	395.0532328	1117.971281	558.2436839	716.8865738	219.6144188	1445.297741	470.0854243	1125.583294	HS90B	P08238
Hepatocyte growth factor receptor OS=Homo sapiens GN=MET PE=1 SV=4 - [MET_HUMAN]	0.1	0.1	0.1	0.1	49.58	0.1	50.6	0.1	MET	P08581
Integrin alpha-5 OS=Homo sapiens GN=ITGA5 PE=1 SV=2 - [ITA5_HUMAN]	0.1	0.1	0.1	0.1	0.1	0.1	95.98501951	0.1	ITA5	P08648
Vimentin OS=Homo sapiens GN=VIM PE=1 SV=4 - [VIME_HUMAN]	0.1	0.1	0.1	111.8645895	212.9954545	0.1	107.8994282	209.3379966	VIME	P08670
Keratin, type I cytoskeletal 19 OS=Homo sapiens GN=KRT19 PE=1 SV=4 - [K1C19_HUMAN]	0.1	0.1	0.1	0.1	616.3582754	0.1	266.3030817	0.1	K1C19	P08727
Keratin, type II cytoskeletal 7 OS=Homo sapiens GN=KRT7 PE=1 SV=5 - [K2C7_HUMAN]	367.9377078	557.8678883	458.6750749	513.5929789	2500.352264	647.9392486	1215.351256	398.3816685	K2C7	P08729
Guanine nucleotide-binding protein G(k) subunit alpha OS=Homo sapiens GN=GNAI3 PE=1 SV=3 - [GNAI3_HUMAN]	0.1	0.1	0.1	81.24391651000001	0.1	0.1	0.1	0.1	GNAI3	P08754
Annexin A5 OS=Homo sapiens GN=ANXA5 PE=1 SV=2 - [ANXA5_HUMAN]	0.1	0.1	103.557175	0.1	0.1	0.1	125.05	0.1	ANXA5	P08758
Keratin, type I cytoskeletal 16 OS=Homo sapiens GN=KRT16 PE=1 SV=4 - [K1C16_HUMAN]	768.2528055	1028.265139	782.9940625	1983.031682	583.4304813	554.3597157	622.9035841	0.1	K1C16	P08779
40S ribosomal protein SA OS=Homo sapiens GN=RPSA PE=1 SV=4 - [RSSA_HUMAN]	161.3415319	294.5897191	241.9581085	391.3459796	235.4890542	404.3962127	145.07	430.8251022	RSSA	P08865
Glutathione S-transferase P OS=Homo sapiens GN=GSTP1 PE=1 SV=2 - [GSTP1_HUMAN]	177.96	0.1	130.7528028	0.1	0.1	0.1	191.21	0.1	GSTP1	P09211
Dihydrolipoyl dehydrogenase, mitochondrial OS=Homo sapiens GN=DLD PE=1 SV=2 - [DLDH_HUMAN]	0.1	0.1	0.1	0.1	0.1	0.1	130.99	0.1	DLDH	P09622
U2 small nuclear ribonucleoprotein A' OS=Homo sapiens GN=SNRPA1 PE=1 SV=2 - [RU2A_HUMAN]	155.5114665	297.4099469	151.0820018	276.3665351	146.68	211.1465943	293.7274142	174.219556	RU2A	P09661
Poly [ADP-ribose] polymerase 1 OS=Homo sapiens GN=PARP1 PE=1 SV=4 - [PARP1_HUMAN]	0.1	0.1	0.1	0.1	311.364639	0.1	265.4880526	370.4484531	PARP1	P09874
Histone H2A.Z OS=Homo sapiens GN=H2AFZ PE=1 SV=2 - [H2AZ_HUMAN]	0.1	0.1	0.1	0.1	0.1	0.1	282.7594163	410.6399785	H2AZ	P0C0S5
Polyubiquitin-C OS=Homo sapiens GN=UBC PE=1 SV=3 - [UBC_HUMAN]	0.1	0.1	0.1	74.48724984	0.1	0.1	0.1	0.1	UBC	P0CG48
40S ribosomal protein S17-like OS=Homo sapiens GN=RPS17L PE=1 SV=1 - [RS17L_HUMAN]	0.1	0.1	0.1	0.1	99.97	0.1	71.59333332999999	0.1	RS17L	P0CW22
HLA class I histocompatibility antigen, A-69 alpha chain OS=Homo sapiens GN=HLA-A PE=1 SV=2 - [1A69_HUMAN]	0.1	0.1	0.1	0.1	0.1	0.1	0.1	1117.916557	1A69	P10316
60 kDa heat shock protein, mitochondrial OS=Homo sapiens GN=HSPD1 PE=1 SV=2 - [CH60_HUMAN]	516.1613456	691.3204438	604.1946237	483.731845	343.8323529	489.88599	484.0662346	732.6109779	CH60	P10809
Clusterin OS=Homo sapiens GN=CLU PE=1 SV=1 - [CLUS_HUMAN]	0.1	0.1	0.1	0.1	79.60333333	0.1	0.1	0.1	CLUS	P10909
78 kDa glucose-regulated protein OS=Homo sapiens GN=HSPA5 PE=1 SV=2 - [GRP78_HUMAN]	753.7303126	1316.028971	660.5511479	1297.326801	665.9190685999999	2407.914772	1223.987345	2942.495523	GRP78	P11021
Heat shock cognate 71 kDa protein OS=Homo sapiens GN=HSPA8 PE=1 SV=1 - [HSP7C_HUMAN]	653.8598992	1305.909999	641.9893943	967.6074046	832.2720571999999	1693.553766	1229.586396	1863.99776	HSP7C	P11142
Glycogen phosphorylase, brain form OS=Homo sapiens GN=PYGB PE=1 SV=5 - [PYGB_HUMAN]	0.1	0.1	0.1	0.1	0.1	57.14	0.1	0.1	PYGB	P11216
Lysosome-associated membrane glycoprotein 1 OS=Homo sapiens GN=LAMP1 PE=1 SV=3 - [LAMP1_HUMAN]	0.1	0.1	0.1	0.1	103.9960529	0.1	64.40720716	0.1	LAMP1	P11279
Glucose-6-phosphate 1-dehydrogenase OS=Homo sapiens GN=G6PD PE=1 SV=4 - [G6PD_HUMAN]	0.1	0.1	70.36071140999999	0.1	0.1	0.1	98.22	0.1	G6PD	P11413
C-1-tetrahydrofolate synthase, cytoplasmic OS=Homo sapiens GN=MTHFD1 PE=1 SV=3 - [C1TC_HUMAN]	202.34	0.1	206.6704552	0.1	0.1	0.1	133.6088253	0.1	C1TC	P11586
Cation-independent mannose-6-phosphate receptor OS=Homo sapiens GN=IGF2R PE=1 SV=3 - [MPRI_HUMAN]	0.1	0.1	0.1	0.1	64.98999999999999	73.24397103	227.0263606	85.99805581	MPRI	P11717
Polyadenylate-binding protein 1 OS=Homo sapiens GN=PABPC1 PE=1 SV=2 - [PABP1_HUMAN]	236.9095399	286.6226128	239.08	297.6478772	461.3933435	455.5022209	355.1338882	387.9465158	PABP1	P11940
Keratin, type II cytoskeletal 3 OS=Homo sapiens GN=KRT3 PE=1 SV=3 - [K2C3_HUMAN]	0.1	0.1	0.1	0.1	0.1	0.1	479.5952293	0.1	K2C3	P12035
Inosine-5'-monophosphate dehydrogenase 2 OS=Homo sapiens GN=IMPDH2 PE=1 SV=2 - [IMDH2_HUMAN]	0.1	0.1	73.21866355	0.1	63.34666667	0.1	101.3686635	42.21746325	IMDH2	P12268
Prolactin-inducible protein OS=Homo sapiens GN=PIP PE=1 SV=1 - [PIP_HUMAN]	0.1	0.1	0.1	0.1	0.1	0.1	77.3378866	0.1	PIP	P12273
Annexin A3 OS=Homo sapiens GN=ANXA3 PE=1 SV=3 - [ANXA3_HUMAN]	0.1	0.1	160.8733333	0.1	0.1	0.1	126.4	0.1	ANXA3	P12429
Alpha-actinin-1 OS=Homo sapiens GN=ACTN1 PE=1 SV=2 - [ACTN1_HUMAN]	0.1	0.1	95.52333333	0.1	75	0.1	0.1	102.5643561	ACTN1	P12814
X-ray repair cross-complementing protein 6 OS=Homo sapiens GN=XRCC6 PE=1 SV=2 - [XRCC6_HUMAN]	106.8220726	0.1	0.1	284.9682735	317.4336707	0.1	321.6143791	499.2083209	XRCC6	P12956
X-ray repair cross-complementing protein 5 OS=Homo sapiens GN=XRCC5 PE=1 SV=3 - [XRCC5_HUMAN]	70.82964551000001	0.1	59.39	0.1	82.65358187	0.1	98.76013931	173.2612041	XRCC5	P13010
Lysosome-associated membrane glycoprotein 2 OS=Homo sapiens GN=LAMP2 PE=1 SV=2 - [LAMP2_HUMAN]	0.1	0.1	0.1	0.1	0.1	0.1	98.22721167	0.1	LAMP2	P13473
Elongation factor 2 OS=Homo sapiens GN=EEF2 PE=1 SV=4 - [EF2_HUMAN]	236.9	104.6114715	273.4466669	0.1	269.39	62.57595655	398.6715385	45.06118062	EF2	P13639
Keratin, type I cytoskeletal 10 OS=Homo sapiens GN=KRT10 PE=1 SV=6 - [K1C10_HUMAN]	3686.93645	6903.118827	3059.580616	8909.709269000001	2365.869527	5725.102618	3720.590462	4920.26275	K1C10	P13645
Keratin, type I cytoskeletal 13 OS=Homo sapiens GN=KRT13 PE=1 SV=4 - [K1C13_HUMAN]	0.1	0.1	0.1	0.1	288.971328	0.1	313.4347665	0.1	K1C13	P13646
Keratin, type II cytoskeletal 5 OS=Homo sapiens GN=KRT5 PE=1 SV=3 - [K2C5_HUMAN]	1194.116253	1191.277854	1186.700847	1720.770562	933.5530174	1152.621347	1251.695017	646.2146812	K2C5	P13647
Plastin-3 OS=Homo sapiens GN=PLS3 PE=1 SV=4 - [PLST_HUMAN]	0.1	0.1	0.1	0.1	80.09999999999999	0.1	216.2743515	0.1	PLST	P13797
Glycogen [starch] synthase, muscle OS=Homo sapiens GN=GYS1 PE=1 SV=2 - [GYS1_HUMAN]	0.1	0.1	0.1	0.1	79.60458926	0.1	55.12	122.9919677	GYS1	P13807
CD59 glycoprotein OS=Homo sapiens GN=CD59 PE=1 SV=1 - [CD59_HUMAN]	0.1	0.1	0.1	0.1	0.1	0.1	98.28	94.99387786	CD59	P13987
Pyruvate kinase PKM OS=Homo sapiens GN=PKM PE=1 SV=4 - [KPYM_HUMAN]	503.0901008	704.3154843999999	596.1634074999999	381.3860614	415.8731009	1121.129634	498.0868812	958.7946994	KPYM	P14618
Endoplasmin OS=Homo sapiens GN=HSP90B1 PE=1 SV=1 - [ENPL_HUMAN]	253.471011	0.1	260.3641913	0.1	0.1	184.80693	198.783738	174.8718142	ENPL	P14625
Aspartate--tRNA ligase, cytoplasmic OS=Homo sapiens GN=DARS PE=1 SV=2 - [SYDC_HUMAN]	69.19	0.1	56.48666667	0.1	0.1	0.1	131.34	0.1	SYDC	P14868
Junction plakoglobin OS=Homo sapiens GN=JUP PE=1 SV=3 - [PLAK_HUMAN]	146.0349856	75.27875881	183.93	198.7652555	0.1	162.0833003	365.2845253	112.7101935	PLAK	P14923
Ras-related C3 botulinum toxin substrate 2 OS=Homo sapiens GN=RAC2 PE=1 SV=1 - [RAC2_HUMAN]	0.1	0.1	0.1	0.1	0.1	0.1	75.8682501	0.1	RAC2	P15153
Phosphoglycerate mutase 2 OS=Homo sapiens GN=PGAM2 PE=1 SV=3 - [PGAM2_HUMAN]	0.1	0.1	60.6	0.1	0.1	0.1	0.1	0.1	PGAM2	P15259
Beta-1,4-galactosyltransferase 1 OS=Homo sapiens GN=B4GALT1 PE=1 SV=5 - [B4GT1_HUMAN]	0.1	0.1	0.1	0.1	195.3037678	0.1	173.0099343	0.1	B4GT1	P15291
Ezrin OS=Homo sapiens GN=EZR PE=1 SV=4 - [EZRI_HUMAN]	138.33	0.1	118.677073	0.1	0.1	0.1	175.9862141	0.1	EZRI	P15311
40S ribosomal protein S2 OS=Homo sapiens GN=RPS2 PE=1 SV=2 - [RS2_HUMAN]	0.1	0.1	0.1	0.1	78.01333332999999	51.12198552	0.1	0.1	RS2	P15880
Desmoplakin OS=Homo sapiens GN=DSP PE=1 SV=3 - [DESP_HUMAN]	187.7670952	0.1	217.3292098	291.6921985	214.0744408	66.71397103	599.5459438	0.1	DESP	P15924
Replication protein A 32 kDa subunit OS=Homo sapiens GN=RPA2 PE=1 SV=1 - [RFA2_HUMAN]	0.1	0.1	0.1	0.1	100.24	0.1	108.4433333	0.1	RFA2	P15927
CD44 antigen OS=Homo sapiens GN=CD44 PE=1 SV=3 - [CD44_HUMAN]	0.1	0.1	0.1	0.1	0.1	201.1415305	110.6666196	0.1	CD44	P16070
Histone H2AX OS=Homo sapiens GN=H2AFX PE=1 SV=2 - [H2AX_HUMAN]	0.1	0.1	0.1	0.1	212.1199147	0.1	0.1	0.1	H2AX	P16104
Carbonyl reductase [NADPH] 1 OS=Homo sapiens GN=CBR1 PE=1 SV=3 - [CBR1_HUMAN]	0.1	0.1	221.6563321	0.1	0.1	0.1	78.09999999999999	0.1	CBR1	P16152
Histone H1.2 OS=Homo sapiens GN=HIST1H1C PE=1 SV=2 - [H12_HUMAN]	0.1	0.1	0.1	0.1	0.1	0.1	144.3245131	0.1	H12	P16403
NADPH--cytochrome P450 reductase OS=Homo sapiens GN=POR PE=1 SV=2 - [NCPR_HUMAN]	0.1	0.1	0.1	0.1	0.1	0.1	149.54	0.1	NCPR	P16435
Sarcoplasmic/endoplasmic reticulum calcium ATPase 2 OS=Homo sapiens GN=ATP2A2 PE=1 SV=1 - [AT2A2_HUMAN]	217.3733333	0.1	144.2233333	0.1	89.12	83.03198552000001	153.7766667	118.1803128	AT2A2	P16615
Y-box-binding protein 3 OS=Homo sapiens GN=YBX3 PE=1 SV=4 - [YBOX3_HUMAN]	0.1	0.1	0.1	0.1	164.42	0.1	0.1	0.1	YBOX3	P16989
CTP synthase 1 OS=Homo sapiens GN=CTPS1 PE=1 SV=2 - [PYRG1_HUMAN]	134.6517488	0.1	0.1	0.1	86.58	0.1	228.3633333	0.1	PYRG1	P17812
Probable ATP-dependent RNA helicase DDX5 OS=Homo sapiens GN=DDX5 PE=1 SV=1 - [DDX5_HUMAN]	0.1	0.1	0.1	0.1	204.2701574	0.1	122.74	0.1	DDX5	P17844
26S protease regulatory subunit 6A OS=Homo sapiens GN=PSMC3 PE=1 SV=3 - [PRS6A_HUMAN]	83.25	0.1	0.1	0.1	97.95	0.1	63.2	82.95824082	PRS6A	P17980
T-complex protein 1 subunit alpha OS=Homo sapiens GN=TCP1 PE=1 SV=1 - [TCPA_HUMAN]	87.07333333	48.17906911	181.3766667	52.45543738	91.98	0.1	188.5576249	0.1	TCPA	P17987
60S ribosomal protein L7 OS=Homo sapiens GN=RPL7 PE=1 SV=1 - [RL7_HUMAN]	107.5538901	110.9602324	68.22554242	0.1	116.7629471	282.9159236	133.7727303	147.7304233	RL7	P18124
Vinculin OS=Homo sapiens GN=VCL PE=1 SV=4 - [VINC_HUMAN]	0.1	0.1	231.1611111	0.1	0.1	0.1	0.1	0.1	VINC	P18206
HLA class I histocompatibility antigen, B-51 alpha chain OS=Homo sapiens GN=HLA-B PE=1 SV=1 - [1B51_HUMAN]	0.1	0.1	0.1	360.331855	0.1	0.1	0.1	0.1	1B51	P18464
Phosphoglycerate mutase 1 OS=Homo sapiens GN=PGAM1 PE=1 SV=2 - [PGAM1_HUMAN]	0.1	0.1	0.1	0.1	0.1	0.1	52.88333333	89.44648165	PGAM1	P18669
DNA repair protein XRCC1 OS=Homo sapiens GN=XRCC1 PE=1 SV=2 - [XRCC1_HUMAN]	0.1	0.1	0.1	0.1	45.23169282	0.1	90.43333333	0.1	XRCC1	P18887
Keratin, type II cytoskeletal 4 OS=Homo sapiens GN=KRT4 PE=1 SV=4 - [K2C4_HUMAN]	0.1	0.1	0.1	863.3979878	323.6664517	0.1	0.1	0.1	K2C4	P19013
Nucleolin OS=Homo sapiens GN=NCL PE=1 SV=3 - [NUCL_HUMAN]	141.75	301.1406911	116.33	192.7789306	286.9671429	266.3097893	311.7088889	172.7565052	NUCL	P19338
Ras-related protein Rab-6A OS=Homo sapiens GN=RAB6A PE=1 SV=3 - [RAB6A_HUMAN]	0.1	0.1	0.1	0.1	105.6633333	0.1	65.20999999999999	105.6790708	RAB6A	P20340
Cation-dependent mannose-6-phosphate receptor OS=Homo sapiens GN=M6PR PE=1 SV=1 - [MPRD_HUMAN]	0.1	0.1	0.1	0.1	0.1	0.1	85.90000000000001	0.1	MPRD	P20645
Lamin-B1 OS=Homo sapiens GN=LMNB1 PE=1 SV=2 - [LMNB1_HUMAN]	0.1	0.1	0.1	224.8214034	199.2938499	0.1	223.6266667	143.3179819	LMNB1	P20700
Glutathione S-transferase Mu 3 OS=Homo sapiens GN=GSTM3 PE=1 SV=3 - [GSTM3_HUMAN]	0.1	0.1	55.87	0.1	0.1	0.1	0.1	0.1	GSTM3	P21266
Filamin-A OS=Homo sapiens GN=FLNA PE=1 SV=4 - [FLNA_HUMAN]	1554.602499	2007.314726	848.3436198000001	1127.346434	704.620696	3099.887785	1412.583032	3389.640112	FLNA	P21333
Voltage-dependent anion-selective channel protein 1 OS=Homo sapiens GN=VDAC1 PE=1 SV=2 - [VDAC1_HUMAN]	0.1	0.1	0.1	129.8046936	68.08333333	200.7611789	190.649346	558.2245445	VDAC1	P21796
Catechol O-methyltransferase OS=Homo sapiens GN=COMT PE=1 SV=2 - [COMT_HUMAN]	0.1	0.1	0.1	0.1	66.72	0.1	144.73	0.1	COMT	P21964
Protein-L-isoaspartate(D-aspartate) O-methyltransferase OS=Homo sapiens GN=PCMT1 PE=1 SV=4 - [PIMT_HUMAN]	0.1	0.1	0.1	0.1	0.1	0.1	78.38	0.1	PIMT	P22061
Trifunctional purine biosynthetic protein adenosine-3 OS=Homo sapiens GN=GART PE=1 SV=1 - [PUR2_HUMAN]	0.1	0.1	0.1	0.1	0.1	0.1	173.5033333	0.1	PUR2	P22102
Multifunctional protein ADE2 OS=Homo sapiens GN=PAICS PE=1 SV=3 - [PUR6_HUMAN]	0.1	0.1	0.1	0.1	99.19666667	75.59381935	158.6983563	0.1	PUR6	P22234
Ubiquitin-like modifier-activating enzyme 1 OS=Homo sapiens GN=UBA1 PE=1 SV=3 - [UBA1_HUMAN]	0.1	0.1	108.1633333	0.1	83.88666667	90.23196138	280.8988889	0.1	UBA1	P22314
Histone H1t OS=Homo sapiens GN=HIST1H1T PE=2 SV=4 - [H1T_HUMAN]	0.1	0.1	0.1	0.1	87.56999999999999	0.1	0.1	0.1	H1T	P22492
Heterogeneous nuclear ribonucleoproteins A2/B1 OS=Homo sapiens GN=HNRNPA2B1 PE=1 SV=2 - [ROA2_HUMAN]	0.1	0.1	0.1	0.1	41.32	0.1	0.1	0.1	ROA2	P22626
Cytochrome b-c1 complex subunit 2, mitochondrial OS=Homo sapiens GN=UQCRC2 PE=1 SV=3 - [QCR2_HUMAN]	0.1	0.1	0.1	0.1	69.12	0.1	0.1	0.1	QCR2	P22695
Protein-glutamine gamma-glutamyltransferase K OS=Homo sapiens GN=TGM1 PE=1 SV=4 - [TGM1_HUMAN]	0.1	0.1	0.1	0.1	0.1	0.1	91.98	0.1	TGM1	P22735
Integrin alpha-6 OS=Homo sapiens GN=ITGA6 PE=1 SV=5 - [ITA6_HUMAN]	0.1	0.1	0.1	0.1	0.1	0.1	162.7451664	0.1	ITA6	P23229
Splicing factor, proline- and glutamine-rich OS=Homo sapiens GN=SFPQ PE=1 SV=2 - [SFPQ_HUMAN]	0.1	0.1	0.1	0.1	368.7010357	0.1	326.5580194	0.1	SFPQ	P23246
Peptidyl-prolyl cis-trans isomerase B OS=Homo sapiens GN=PPIB PE=1 SV=2 - [PPIB_HUMAN]	0.1	0.1	152.57	0.1	0.1	0.1	0.1	0.1	PPIB	P23284
40S ribosomal protein S3 OS=Homo sapiens GN=RPS3 PE=1 SV=2 - [RS3_HUMAN]	213.0705738	83.16813821	162.8733333	539.2306354	287.1947726	1008.76607	224.1519128	486.3077061	RS3	P23396
Adenosylhomocysteinase OS=Homo sapiens GN=AHCY PE=1 SV=4 - [SAHH_HUMAN]	0.1	0.1	0.1	0.1	0.1	0.1	97.29666666999999	0.1	SAHH	P23526
Cofilin-1 OS=Homo sapiens GN=CFL1 PE=1 SV=3 - [COF1_HUMAN]	116.1554311	0.1	177.6499844	134.9095368	82.20028788	0.1	198.84	0.1	COF1	P23528
Ribonucleoside-diphosphate reductase large subunit OS=Homo sapiens GN=RRM1 PE=1 SV=1 - [RIR1_HUMAN]	146.1360274	0.1	163.5160543	0.1	0.1	0.1	76.81	0.1	RIR1	P23921
DNA replication licensing factor MCM3 OS=Homo sapiens GN=MCM3 PE=1 SV=3 - [MCM3_HUMAN]	0.1	0.1	0.1	0.1	0.1	0.1	91.27666667	0.1	MCM3	P25205
ATP synthase subunit alpha, mitochondrial OS=Homo sapiens GN=ATP5A1 PE=1 SV=1 - [ATPA_HUMAN]	646.98	851.5708509999999	677.2798184	432.5032508	712.5554184	1041.991878	784.9871277	912.6641063	ATPA	P25705
Proteasome subunit alpha type-2 OS=Homo sapiens GN=PSMA2 PE=1 SV=2 - [PSA2_HUMAN]	0.1	0.1	39.83	0.1	0.1	0.1	0.1	0.1	PSA2	P25787
Moesin OS=Homo sapiens GN=MSN PE=1 SV=3 - [MOES_HUMAN]	0.1	0.1	0.1	0.1	48.83	56.7090854	129.41824	118.1632324	MOES	P26038
60S ribosomal protein L13 OS=Homo sapiens GN=RPL13 PE=1 SV=4 - [RL13_HUMAN]	0.1	0.1	0.1	0.1	0.1	198.8949042	0.1	0.1	RL13	P26373
Polypyrimidine tract-binding protein 1 OS=Homo sapiens GN=PTBP1 PE=1 SV=1 - [PTBP1_HUMAN]	0.1	0.1	0.1	0.1	142.2666667	0.1	187.71	0.1	PTBP1	P26599
Threonine--tRNA ligase, cytoplasmic OS=Homo sapiens GN=TARS PE=1 SV=3 - [SYTC_HUMAN]	0.1	0.1	0.1	0.1	0.1	0.1	131.2966667	0.1	SYTC	P26639
Elongation factor 1-gamma OS=Homo sapiens GN=EEF1G PE=1 SV=3 - [EF1G_HUMAN]	289.2256156	433.8528851	209.2580121	147.717962	127.662104	345.6963514	224.5075985	362.830956	EF1G	P26641
Erythrocyte band 7 integral membrane protein OS=Homo sapiens GN=STOM PE=1 SV=3 - [STOM_HUMAN]	0.1	234.7664704	0.1	212.8513996	197.9173689	402.3985637	209.6945118	636.7226403	STOM	P27105
Collagen alpha-1(VIII) chain OS=Homo sapiens GN=COL8A1 PE=1 SV=2 - [CO8A1_HUMAN]	48.56	0.1	0.1	0.1	0.1	0.1	0.1	0.1	CO8A1	P27658
Replication protein A 70 kDa DNA-binding subunit OS=Homo sapiens GN=RPA1 PE=1 SV=2 - [RFA1_HUMAN]	218.1622222	0.1	0.1	0.1	398.5874988	107.6142155	330.1576138	0.1	RFA1	P27694
CAD protein OS=Homo sapiens GN=CAD PE=1 SV=3 - [PYR1_HUMAN]	117.0129828	0.1	67.37	0.1	199.0844906	53.52198552	303.4475615	0.1	PYR1	P27708
Microtubule-associated protein 4 OS=Homo sapiens GN=MAP4 PE=1 SV=3 - [MAP4_HUMAN]	0.1	0.1	112.25	0.1	59.98	0.1	66.17851075	0.1	MAP4	P27816
Calnexin OS=Homo sapiens GN=CANX PE=1 SV=2 - [CALX_HUMAN]	295.96	319.1201289	0.1	0.1	271.7188686	357.2344243	293.3406821	340.9469144	CALX	P27824
Transketolase OS=Homo sapiens GN=TKT PE=1 SV=3 - [TKT_HUMAN]	0.1	280.9903306	233.3806189	0.1	127.1633333	483.3026124	327.58	495.9631003	TKT	P29401
Elongation factor 1-delta OS=Homo sapiens GN=EEF1D PE=1 SV=5 - [EF1D_HUMAN]	155.1341787	73.72813821	115.5566667	197.5601005	75.91	0.1	156.98	0.1	EF1D	P29692
Peroxiredoxin-6 OS=Homo sapiens GN=PRDX6 PE=1 SV=3 - [PRDX6_HUMAN]	0.1	0.1	0.1	0.1	0.1	0.1	107.73	0.1	PRDX6	P30041
60S ribosomal protein L12 OS=Homo sapiens GN=RPL12 PE=1 SV=1 - [RL12_HUMAN]	165.692687	176.5261328	190.7022434	482.2184724	136.8936084	557.2877441000001	99.01088289	427.7530848	RL12	P30050
Protein disulfide-isomerase A3 OS=Homo sapiens GN=PDIA3 PE=1 SV=4 - [PDIA3_HUMAN]	57.15	0.1	95.79000000000001	0.1	45.26029501	76.90000000000001	122.860708	0.1	PDIA3	P30101
Serine/threonine-protein phosphatase 2A 65 kDa regulatory subunit A alpha isoform OS=Homo sapiens GN=PPP2R1A PE=1 SV=4 - [2AAA_HUMAN]	68.65666667000001	0.1	0.1	0.1	0.1	0.1	147.3	0.1	2AAA	P30153
HLA class I histocompatibility antigen, B-8 alpha chain OS=Homo sapiens GN=HLA-B PE=1 SV=1 - [1B08_HUMAN]	0.1	0.1	0.1	0.1	0.1	777.7656231	273.5096983	947.9616483	1B08	P30460
HLA class I histocompatibility antigen, B-55 alpha chain OS=Homo sapiens GN=HLA-B PE=1 SV=1 - [1B55_HUMAN]	0.1	506.2121364	0.1	0.1	301.58	861.5180918	0.1	960.4529386	1B55	P30493
Aldehyde dehydrogenase X, mitochondrial OS=Homo sapiens GN=ALDH1B1 PE=1 SV=3 - [AL1B1_HUMAN]	0.1	0.1	0.1	0.1	0.1	0.1	97.79000000000001	0.1	AL1B1	P30837
Succinate dehydrogenase [ubiquinone] flavoprotein subunit, mitochondrial OS=Homo sapiens GN=SDHA PE=1 SV=2 - [SDHA_HUMAN]	0.1	0.1	0.1	0.1	123.1	0.1	261.74	0.1	SDHA	P31040
Carbamoyl-phosphate synthase [ammonia], mitochondrial OS=Homo sapiens GN=CPS1 PE=1 SV=2 - [CPSM_HUMAN]	219.1554906	0.1	197.2714286	0.1	217.3	61.27198552	452.1761487	78.92118062	CPSM	P31327
DnaJ homolog subfamily A member 1 OS=Homo sapiens GN=DNAJA1 PE=1 SV=2 - [DNJA1_HUMAN]	106.5533333	0.1	0.1	0.1	0.1	115.0080963	115.5723172	0.1	DNJA1	P31689
Heterogeneous nuclear ribonucleoprotein H OS=Homo sapiens GN=HNRNPH1 PE=1 SV=4 - [HNRH1_HUMAN]	0.1	0.1	107.7966667	0.1	166.6266667	155.2889348	137.9833333	87.60138913999999	HNRH1	P31943
Neural cell adhesion molecule L1 OS=Homo sapiens GN=L1CAM PE=1 SV=2 - [L1CAM_HUMAN]	0.1	0.1	0.1	0.1	0.1	0.1	0.1	72.64037173	L1CAM	P32004
Peroxiredoxin-2 OS=Homo sapiens GN=PRDX2 PE=1 SV=5 - [PRDX2_HUMAN]	91.15522919	0.1	121.0316635	0.1	67.09666667	0.1	111.07	0.1	PRDX2	P32119
60S ribosomal protein L9 OS=Homo sapiens GN=RPL9 PE=1 SV=1 - [RL9_HUMAN]	48.86104808	106.6914715	0.1	148.8813996	68.44	159.8732851	82.44803318	96.02955596	RL9	P32969
Kinesin-1 heavy chain OS=Homo sapiens GN=KIF5B PE=1 SV=1 - [KINH_HUMAN]	82.09	0.1	0.1	0.1	60.61	0.1	108.9915579	0.1	KINH	P33176
DNA replication licensing factor MCM7 OS=Homo sapiens GN=MCM7 PE=1 SV=4 - [MCM7_HUMAN]	73.61	0.1	0.1	0.1	0.1	0.1	152.7023792	0.1	MCM7	P33993
Heat shock 70 kDa protein 4 OS=Homo sapiens GN=HSPA4 PE=1 SV=4 - [HSP74_HUMAN]	0.1	0.1	108.95	0.1	52.94	83.00397103	169.2466667	0.1	HSP74	P34932
Glypican-1 OS=Homo sapiens GN=GPC1 PE=1 SV=2 - [GPC1_HUMAN]	0.1	0.1	0.1	0.1	74.32333333	0.1	100.3918074	0.1	GPC1	P35052
Catenin alpha-1 OS=Homo sapiens GN=CTNNA1 PE=1 SV=1 - [CTNA1_HUMAN]	0.1	0.1	0.1	0.1	54.21	0.1	100.7833333	0.1	CTNA1	P35221
Catenin beta-1 OS=Homo sapiens GN=CTNNB1 PE=1 SV=1 - [CTNB1_HUMAN]	0.1	0.1	0.1	0.1	0.1	0.1	82.56666667	0.1	CTNB1	P35222
Prohibitin OS=Homo sapiens GN=PHB PE=1 SV=1 - [PHB_HUMAN]	193.2642857	151.7101751	126.8333333	140.708374	184.1623208	151.8544222	178.7187323	267.7157604	PHB	P35232
60S ribosomal protein L22 OS=Homo sapiens GN=RPL22 PE=1 SV=2 - [RL22_HUMAN]	0.1	0.1	81.36333333	68.64724984	108.6462667	82.2	0.1	69.24118061999999	RL22	P35268
Keratin, type I cytoskeletal 9 OS=Homo sapiens GN=KRT9 PE=1 SV=3 - [K1C9_HUMAN]	2349.794903	3899.575938	2817.679791	4991.931089	1275.481006	6749.381758	2275.066088	4280.897035	K1C9	P35527
Glycogen debranching enzyme OS=Homo sapiens GN=AGL PE=1 SV=3 - [GDE_HUMAN]	0.1	0.1	0.1	0.1	157.71	163.9696674	165.4590666	166.3198385	GDE	P35573
Myosin-9 OS=Homo sapiens GN=MYH9 PE=1 SV=4 - [MYH9_HUMAN]	1005.945121	1714.160619	807.7860533	778.5215607	895.8891854	2016.09038	1111.709602	1362.967564	MYH9	P35579
Basigin OS=Homo sapiens GN=BSG PE=1 SV=2 - [BASI_HUMAN]	0.1	0.1	0.1	0.1	52.65333333	0.1	166.7516001	0.1	BASI	P35613
Protein DEK OS=Homo sapiens GN=DEK PE=1 SV=1 - [DEK_HUMAN]	0.1	0.1	0.1	0.1	117.5223658	0.1	107.6678496	0.1	DEK	P35659
Keratin, type II cytoskeletal 2 epidermal OS=Homo sapiens GN=KRT2 PE=1 SV=2 - [K22E_HUMAN]	4869.575084	6099.053701	3082.215454	8963.982134	2136.089544	5107.234422	3527.636986	5300.787864	K22E	P35908
26S protease regulatory subunit 7 OS=Homo sapiens GN=PSMC2 PE=1 SV=3 - [PRS7_HUMAN]	0.1	0.1	0.1	0.1	37.18	0.1	93.70666667	0.1	PRS7	P35998
ATP synthase subunit gamma, mitochondrial OS=Homo sapiens GN=ATP5C1 PE=1 SV=1 - [ATPG_HUMAN]	0.1	0.1	0.1	0.1	90.82666666999999	0.1	148.77	0.1	ATPG	P36542
60S ribosomal protein L4 OS=Homo sapiens GN=RPL4 PE=1 SV=5 - [RL4_HUMAN]	0.1	0.1	0.1	0.1	0.1	74.11964364000001	142.0983112	0.1	RL4	P36578
Lon protease homolog, mitochondrial OS=Homo sapiens GN=LONP1 PE=1 SV=2 - [LONM_HUMAN]	0.1	0.1	0.1	0.1	0.1	68.67781244	0.1	0.1	LONM	P36776
Serpin B5 OS=Homo sapiens GN=SERPINB5 PE=1 SV=2 - [SPB5_HUMAN]	0.1	0.1	135.78	0.1	0.1	0.1	0.1	0.1	SPB5	P36952
Transgelin-2 OS=Homo sapiens GN=TAGLN2 PE=1 SV=3 - [TAGL2_HUMAN]	0.1	0.1	0.1	0.1	0.1	0.1	117.04	0.1	TAGL2	P37802
Transaldolase OS=Homo sapiens GN=TALDO1 PE=1 SV=2 - [TALDO_HUMAN]	0.1	0.1	62.82	0.1	0.1	0.1	0.1	0.1	TALDO	P37837
V-type proton ATPase catalytic subunit A OS=Homo sapiens GN=ATP6V1A PE=1 SV=2 - [VATA_HUMAN]	0.1	0.1	0.1	0.1	0.1	0.1	92.34999999999999	0.1	VATA	P38606
Stress-70 protein, mitochondrial OS=Homo sapiens GN=HSPA9 PE=1 SV=2 - [GRP75_HUMAN]	414.389459	310.0364031	447.5097889	366.1700792	485.3644444	525.9253634	708.2445321	468.2866207	GRP75	P38646
40S ribosomal protein S19 OS=Homo sapiens GN=RPS19 PE=1 SV=2 - [RS19_HUMAN]	0.1	0.1	0.1	0.1	0.1	121.7759566	0.1	0.1	RS19	P39019
60S ribosomal protein L3 OS=Homo sapiens GN=RPL3 PE=1 SV=2 - [RL3_HUMAN]	0.1	0.1	0.1	0.1	0.1	66.43529470999999	121.1516943	0.1	RL3	P39023
Dolichyl-diphosphooligosaccharide--protein glycosyltransferase 48 kDa subunit OS=Homo sapiens GN=DDOST PE=1 SV=4 - [OST48_HUMAN]	65.57100260999999	55.22906911	163.8102273	0.1	176.9897557	42.90965867	74.06528032999999	163.780626	OST48	P39656
Homeobox protein cut-like 1 OS=Homo sapiens GN=CUX1 PE=1 SV=3 - [CUX1_HUMAN]	0.1	0.1	0.1	0.1	0.1	0.1	80.23316047	0.1	CUX1	P39880
T-complex protein 1 subunit zeta OS=Homo sapiens GN=CCT6A PE=1 SV=3 - [TCPZ_HUMAN]	167.8211896	236.5303527	275.6771429	268.822648	208.4914343	133.0772208	353.980086	309.5778144	TCPZ	P40227
60S ribosomal protein L13a OS=Homo sapiens GN=RPL13A PE=1 SV=2 - [RL13A_HUMAN]	0.1	0.1	0.1	0.1	61.29691354	0.1	84.72875376	0.1	RL13A	P40429
Signal transducer and activator of transcription 3 OS=Homo sapiens GN=STAT3 PE=1 SV=2 - [STAT3_HUMAN]	100.94	0.1	0.1	0.1	41.52	0.1	165.2674023	0.1	STAT3	P40763
Malate dehydrogenase, mitochondrial OS=Homo sapiens GN=MDH2 PE=1 SV=3 - [MDHM_HUMAN]	63.37029996	0.1	183.6704825	0.1	0.1	0.1	106.1554499	0.1	MDHM	P40926
Trifunctional enzyme subunit alpha, mitochondrial OS=Homo sapiens GN=HADHA PE=1 SV=2 - [ECHA_HUMAN]	182.6033333	0.1	0.1	0.1	105.87	0.1	253.0608436	86.76805581000001	ECHA	P40939
Eukaryotic translation initiation factor 2 subunit 3 OS=Homo sapiens GN=EIF2S3 PE=1 SV=3 - [IF2G_HUMAN]	0.1	0.1	0.1	0.1	106.19	0.1	78.12	0.1	IF2G	P41091
Isoleucine--tRNA ligase, cytoplasmic OS=Homo sapiens GN=IARS PE=1 SV=2 - [SYIC_HUMAN]	168.1707433	62.68906911	27.91	0.1	57	0.1	281.9090938	0.1	SYIC	P41252
Lamina-associated polypeptide 2, isoform alpha OS=Homo sapiens GN=TMPO PE=1 SV=2 - [LAP2A_HUMAN]	829.9287734	1455.542514	0.1	2537.498112	1556.278847	2462.889301	2146.463032	4189.968697	LAP2A	P42166
Lamina-associated polypeptide 2, isoforms beta/gamma OS=Homo sapiens GN=TMPO PE=1 SV=2 - [LAP2B_HUMAN]	630.2498336	0.1	72.78333333	1557.355027	773.6074194	0.1	962.3116727	2110.630819	LAP2B	P42167
Signal transducer and activator of transcription 1-alpha/beta OS=Homo sapiens GN=STAT1 PE=1 SV=2 - [STAT1_HUMAN]	0.1	0.1	0.1	0.1	116.69	0.1	102.04	0.1	STAT1	P42224
Leucine-rich PPR motif-containing protein, mitochondrial OS=Homo sapiens GN=LRPPRC PE=1 SV=3 - [LPPRC_HUMAN]	0.1	0.1	0.1	0.1	183.25	0.1	258.4555556	0.1	LPPRC	P42704
Cell surface glycoprotein MUC18 OS=Homo sapiens GN=MCAM PE=1 SV=2 - [MUC18_HUMAN]	0.1	0.1	0.1	0.1	99.28	65.83862805	95.59999999999999	0.1	MUC18	P43121
Matrin-3 OS=Homo sapiens GN=MATR3 PE=1 SV=2 - [MATR3_HUMAN]	0.1	0.1	0.1	0.1	123.2	0.1	0.1	108.1611806	MATR3	P43243
Glycerol-3-phosphate dehydrogenase, mitochondrial OS=Homo sapiens GN=GPD2 PE=1 SV=3 - [GPDM_HUMAN]	0.1	0.1	0.1	0.1	76.34	0.1	145.7083061	0.1	GPDM	P43304
Translocon-associated protein subunit alpha OS=Homo sapiens GN=SSR1 PE=1 SV=3 - [SSRA_HUMAN]	0.1	0.1	0.1	0.1	0.1	0.1	111.88	0.1	SSRA	P43307
Voltage-dependent anion-selective channel protein 2 OS=Homo sapiens GN=VDAC2 PE=1 SV=2 - [VDAC2_HUMAN]	0.1	95.63875881	0.1	0.1	93.78	0.1	141.29	209.889667	VDAC2	P45880
Ubiquitin carboxyl-terminal hydrolase 5 OS=Homo sapiens GN=USP5 PE=1 SV=2 - [UBP5_HUMAN]	0.1	0.1	0.1	0.1	59.74	0.1	49.95	0.1	UBP5	P45974
Vesicle-fusing ATPase OS=Homo sapiens GN=NSF PE=1 SV=3 - [NSF_HUMAN]	0.1	0.1	0.1	0.1	0.1	0.1	91.14	0.1	NSF	P46459
60S ribosomal protein L5 OS=Homo sapiens GN=RPL5 PE=1 SV=3 - [RL5_HUMAN]	0.1	0.1	0.1	0.1	79.56999999999999	0.1	164.28	0.1	RL5	P46777
40S ribosomal protein S9 OS=Homo sapiens GN=RPS9 PE=1 SV=3 - [RS9_HUMAN]	0.1	0.1	0.1	0.1	57.12375355	0.1	0.1	0.1	RS9	P46781
40S ribosomal protein S5 OS=Homo sapiens GN=RPS5 PE=1 SV=4 - [RS5_HUMAN]	169.2228059	183.5648377	0.1	170.0910076	342.9726577	191.7546748	236.6842857	179.3830177	RS5	P46782
40S ribosomal protein S10 OS=Homo sapiens GN=RPS10 PE=1 SV=1 - [RS10_HUMAN]	155.5301437	0.1	139.7156194	0.1	218.7388999	233.4621745	199.2014866	262.7296638	RS10	P46783
Microtubule-associated protein 1B OS=Homo sapiens GN=MAP1B PE=1 SV=2 - [MAP1B_HUMAN]	46.68	0.1	0.1	0.1	0.1	0.1	41.44	0.1	MAP1B	P46821
Ras GTPase-activating-like protein IQGAP1 OS=Homo sapiens GN=IQGAP1 PE=1 SV=1 - [IQGA1_HUMAN]	196.75	0.1	129.11	0.1	112.9	91.28460874	362.9433333	106.4580558	IQGA1	P46940
Cytosolic phospholipase A2 OS=Homo sapiens GN=PLA2G4A PE=1 SV=2 - [PA24A_HUMAN]	0.1	0.1	0.1	0.1	57.09	0.1	95.13	0.1	PA24A	P47712
F-actin-capping protein subunit alpha-2 OS=Homo sapiens GN=CAPZA2 PE=1 SV=3 - [CAZA2_HUMAN]	0.1	0.1	86.28246399	0.1	102.4697013	0.1	152.3156152	0.1	CAZA2	P47755
Glutamine--tRNA ligase OS=Homo sapiens GN=QARS PE=1 SV=1 - [SYQ_HUMAN]	92.19	0.1	0.1	0.1	105.97	0.1	110.7637879	0.1	SYQ	P47897
Galectin-7 OS=Homo sapiens GN=LGALS7 PE=1 SV=2 - [LEG7_HUMAN]	0.1	0.1	0.1	0.1	126.9	0.1	135.1266667	0.1	LEG7	P47929
ATP synthase subunit O, mitochondrial OS=Homo sapiens GN=ATP5O PE=1 SV=1 - [ATPO_HUMAN]	0.1	0.1	0.1	75.11058318000001	121.6072544	99.17893483	177.9086204	65.38490749	ATPO	P48047
T-complex protein 1 subunit epsilon OS=Homo sapiens GN=CCT5 PE=1 SV=1 - [TCPE_HUMAN]	95.34237041	0.1	133.7133333	0.1	0.1	0.1	119.68	0.1	TCPE	P48643
CD97 antigen OS=Homo sapiens GN=CD97 PE=1 SV=4 - [CD97_HUMAN]	0.1	0.1	0.1	0.1	0.1	0.1	106.4366667	0.1	CD97	P48960
60S ribosomal protein L34 OS=Homo sapiens GN=RPL34 PE=1 SV=3 - [RL34_HUMAN]	0.1	0.1	0.1	0.1	0.1	53.35397103	0.1	0.1	RL34	P49207
Protein ERGIC-53 OS=Homo sapiens GN=LMAN1 PE=1 SV=2 - [LMAN1_HUMAN]	0.1	0.1	0.1	0.1	0.1	0.1	93.20497717000001	0.1	LMAN1	P49257
Fatty acid synthase OS=Homo sapiens GN=FASN PE=1 SV=3 - [FAS_HUMAN]	281.2414436	0.1	222.5580705	0.1	233.3879361	0.1	539.2722233	161.6671994	FAS	P49327
T-complex protein 1 subunit gamma OS=Homo sapiens GN=CCT3 PE=1 SV=4 - [TCPG_HUMAN]	0.1	0.1	141.8576504	97.61679820000001	102.1589154	0.1	267.5812648	101.7765369	TCPG	P49368
Elongation factor Tu, mitochondrial OS=Homo sapiens GN=TUFM PE=1 SV=2 - [EFTU_HUMAN]	0.1	0.1	69.42	0.1	0.1	0.1	71.59999999999999	0.1	EFTU	P49411
Very long-chain specific acyl-CoA dehydrogenase, mitochondrial OS=Homo sapiens GN=ACADVL PE=1 SV=1 - [ACADV_HUMAN]	86.64666667	0.1	101.0929249	0.1	177.64	0.1	213.72	0.1	ACADV	P49748
Transmembrane emp24 domain-containing protein 10 OS=Homo sapiens GN=TMED10 PE=1 SV=2 - [TMEDA_HUMAN]	0.1	0.1	0.1	0.1	0.1	0.1	120.5159989	0.1	TMEDA	P49755
DNA ligase 3 OS=Homo sapiens GN=LIG3 PE=1 SV=2 - [DNLI3_HUMAN]	0.1	0.1	0.1	0.1	130.1296265	0.1	358.3566255	0.1	DNLI3	P49916
DNA ligase 4 OS=Homo sapiens GN=LIG4 PE=1 SV=2 - [DNLI4_HUMAN]	0.1	0.1	0.1	0.1	128.6353941	0.1	202.3289906	0.1	DNLI4	P49917
Rab GDP dissociation inhibitor beta OS=Homo sapiens GN=GDI2 PE=1 SV=2 - [GDIB_HUMAN]	51.57	0.1	57.96	0.1	0.1	0.1	80.01666667000001	0.1	GDIB	P50395
Emerin OS=Homo sapiens GN=EMD PE=1 SV=1 - [EMD_HUMAN]	370.8615385	328.8176307	0.1	1150.947802	216.39	399.0563973	392.0258918	1129.323774	EMD	P50402
Serpin H1 OS=Homo sapiens GN=SERPINH1 PE=1 SV=2 - [SERPH_HUMAN]	72.73	0.1	103.7936607	0.1	0.1	0.1	100.2143813	0.1	SERPH	P50454
60S ribosomal protein L14 OS=Homo sapiens GN=RPL14 PE=1 SV=4 - [RL14_HUMAN]	0.1	0.1	0.1	0.1	83.69	0.1	80.41	0.1	RL14	P50914
T-complex protein 1 subunit theta OS=Homo sapiens GN=CCT8 PE=1 SV=4 - [TCPQ_HUMAN]	162.4076859	81.66390241000001	209.6766667	237.287802	116.3097463	0.1	278.1317926	44.08236124	TCPQ	P50990
T-complex protein 1 subunit delta OS=Homo sapiens GN=CCT4 PE=1 SV=4 - [TCPD_HUMAN]	104.3933333	86.35875881	84.69435022	81.65543738	96.42	89.82794207000001	198.705	88.31236124	TCPD	P50991
Annexin A11 OS=Homo sapiens GN=ANXA11 PE=1 SV=1 - [ANX11_HUMAN]	0.1	0.1	0.1	0.1	0.1	0.1	92.92	0.1	ANX11	P50995
Fragile X mental retardation syndrome-related protein 1 OS=Homo sapiens GN=FXR1 PE=1 SV=3 - [FXR1_HUMAN]	0.1	0.1	0.1	0.1	170.2566167	0.1	83.6287493	0.1	FXR1	P51114
Fragile X mental retardation syndrome-related protein 2 OS=Homo sapiens GN=FXR2 PE=1 SV=2 - [FXR2_HUMAN]	0.1	0.1	0.1	0.1	156.74	0.1	84.02	0.1	FXR2	P51116
Ras-related protein Rab-5C OS=Homo sapiens GN=RAB5C PE=1 SV=2 - [RAB5C_HUMAN]	58.95	0.1	0.1	0.1	89.09	159.2032126	207.9066667	152.9322446	RAB5C	P51148
Ras-related protein Rab-7a OS=Homo sapiens GN=RAB7A PE=1 SV=1 - [RAB7A_HUMAN]	130.5533333	0.1	84.48677502	0.1	154.25	135.4029783	186.6714286	219.6818062	RAB7A	P51149
Translocon-associated protein subunit delta OS=Homo sapiens GN=SSR4 PE=1 SV=1 - [SSRD_HUMAN]	0.1	0.1	0.1	0.1	63.92	0.1	0.1	0.1	SSRD	P51571
Peroxisomal multifunctional enzyme type 2 OS=Homo sapiens GN=HSD17B4 PE=1 SV=3 - [DHB4_HUMAN]	0.1	0.1	0.1	0.1	0.1	0.1	115.5	0.1	DHB4	P51659
6-phosphogluconate dehydrogenase, decarboxylating OS=Homo sapiens GN=PGD PE=1 SV=3 - [6PGD_HUMAN]	0.1	0.1	0.1	0.1	0.1	0.1	110.9994476	0.1	6PGD	P52209
Heterogeneous nuclear ribonucleoprotein M OS=Homo sapiens GN=HNRNPM PE=1 SV=3 - [HNRPM_HUMAN]	100.22	0.1	0.1	52.94745493	94.13	0.1	173.3923913	0.1	HNRPM	P52272
Importin subunit alpha-1 OS=Homo sapiens GN=KPNA2 PE=1 SV=1 - [IMA1_HUMAN]	0.1	0.1	34	0.1	0.1	0.1	185.4533333	36.45118062	IMA1	P52292
Rho GDP-dissociation inhibitor 1 OS=Homo sapiens GN=ARHGDIA PE=1 SV=3 - [GDIR1_HUMAN]	0.1	0.1	55.15	0.1	0.1	0.1	0.1	0.1	GDIR1	P52565
Heterogeneous nuclear ribonucleoprotein F OS=Homo sapiens GN=HNRNPF PE=1 SV=3 - [HNRPF_HUMAN]	137.09	96.92906911	0.1	0.1	202.0289622	0.1	174.5600386	0.1	HNRPF	P52597
F-actin-capping protein subunit alpha-1 OS=Homo sapiens GN=CAPZA1 PE=1 SV=3 - [CAZA1_HUMAN]	111.8930818	0.1	0.1	0.1	72.18303462	61.23397103	111.1946393	0.1	CAZA1	P52907
ATP-citrate synthase OS=Homo sapiens GN=ACLY PE=1 SV=3 - [ACLY_HUMAN]	227.7	70.00906911	104.87	0.1	135.6333333	0.1	240.6849375	159.0054933	ACLY	P53396
Coatomer subunit alpha OS=Homo sapiens GN=COPA PE=1 SV=2 - [COPA_HUMAN]	0.1	0.1	0.1	0.1	43.46035366	45.68198552	143.2350953	68.21236124000001	COPA	P53621
Protein transport protein Sec24C OS=Homo sapiens GN=SEC24C PE=1 SV=3 - [SC24C_HUMAN]	73.23467696	0.1	0.1	0.1	0.1	0.1	60.6576872	0.1	SC24C	P53992
Arginine--tRNA ligase, cytoplasmic OS=Homo sapiens GN=RARS PE=1 SV=2 - [SYRC_HUMAN]	0.1	0.1	99.27	0.1	84.61666667	0.1	374.2649554	0.1	SYRC	P54136
Exportin-2 OS=Homo sapiens GN=CSE1L PE=1 SV=3 - [XPO2_HUMAN]	230.860874	254.5968283	227.1991765	353.7925792	308.8064983	343.1137224	506.5704548	307.4039735	XPO2	P55060
Transitional endoplasmic reticulum ATPase OS=Homo sapiens GN=VCP PE=1 SV=4 - [TERA_HUMAN]	325.62	231.6026128	313.4128725	277.5072584	465.78	479.0504347	330.9508664	380.8325903	TERA	P55072
Trifunctional enzyme subunit beta, mitochondrial OS=Homo sapiens GN=HADHB PE=1 SV=3 - [ECHB_HUMAN]	0.1	0.1	0.1	0.1	0.1	0.1	88.55043876000001	0.1	ECHB	P55084
Tumor protein D52 OS=Homo sapiens GN=TPD52 PE=1 SV=2 - [TPD52_HUMAN]	0.1	0.1	0.1	0.1	904.6505734	3020.219934	1162.891764	2889.292047	TPD52	P55327
Succinyl-CoA:3-ketoacid coenzyme A transferase 1, mitochondrial OS=Homo sapiens GN=OXCT1 PE=1 SV=1 - [SCOT1_HUMAN]	0.1	0.1	227.2799608	0.1	0.1	0.1	121.84	0.1	SCOT1	P55809
Methionine--tRNA ligase, cytoplasmic OS=Homo sapiens GN=MARS PE=1 SV=2 - [SYMC_HUMAN]	0.1	0.1	81.38399041	0.1	0.1	0.1	103.2473023	0.1	SYMC	P56192
Epiplakin OS=Homo sapiens GN=EPPK1 PE=1 SV=2 - [EPIPL_HUMAN]	375.9145455	251.0077879	157.04	0.1	1036.744872	81.31397103	667.4587513	0.1	EPIPL	P58107
Triosephosphate isomerase OS=Homo sapiens GN=TPI1 PE=1 SV=3 - [TPIS_HUMAN]	0.1	0.1	186.7488889	0.1	0.1	0.1	102.75	0.1	TPIS	P60174
Protein transport protein Sec61 subunit beta OS=Homo sapiens GN=SEC61B PE=1 SV=2 - [SC61B_HUMAN]	0.1	0.1	0.1	0.1	0.1	48.28198552	0.1	0.1	SC61B	P60468
Actin, cytoplasmic 1 OS=Homo sapiens GN=ACTB PE=1 SV=1 - [ACTB_HUMAN]	410.1063636	466.9810366	475.157332	456.4395353	361.0352411	792.5728538	499.3103597	901.6937814	ACTB	P60709
Eukaryotic initiation factor 4A-I OS=Homo sapiens GN=EIF4A1 PE=1 SV=1 - [IF4A1_HUMAN]	0.1	0.1	46.10501945	0.1	110.78	0.1	126.7233333	0.1	IF4A1	P60842
Proteasome subunit alpha type-6 OS=Homo sapiens GN=PSMA6 PE=1 SV=1 - [PSA6_HUMAN]	0.1	0.1	136.61	0.1	0.1	0.1	0.1	0.1	PSA6	P60900
Cell division control protein 42 homolog OS=Homo sapiens GN=CDC42 PE=1 SV=2 - [CDC42_HUMAN]	0.1	0.1	94.05	0.1	83.86333333	0.1	0.1	0.1	CDC42	P60953
Ras-related protein Rab-8A OS=Homo sapiens GN=RAB8A PE=1 SV=1 - [RAB8A_HUMAN]	0.1	0.1	0.1	0.1	0.1	92.68397103	0.1	0.1	RAB8A	P61006
Ras-related protein Rab-2A OS=Homo sapiens GN=RAB2A PE=1 SV=1 - [RAB2A_HUMAN]	0.1	0.1	95.23666667000001	0.1	291.1422222	667.8429196	237.6431374	755.0639214	RAB2A	P61019
Ras-related protein Rab-10 OS=Homo sapiens GN=RAB10 PE=1 SV=1 - [RAB10_HUMAN]	47.7810805	0.1	0.1	0.1	0.1	0.1	0.1	0.1	RAB10	P61026
Ras-related protein Rab-14 OS=Homo sapiens GN=RAB14 PE=1 SV=4 - [RAB14_HUMAN]	0.1	0.1	0.1	0.1	280.7025794	209.3677972	269.6109592	249.0058801	RAB14	P61106
Alpha-centractin OS=Homo sapiens GN=ACTR1A PE=1 SV=1 - [ACTZ_HUMAN]	0.1	0.1	0.1	0.1	49.18	0.1	128.58	0.1	ACTZ	P61163
Ras-related protein Rap-1b OS=Homo sapiens GN=RAP1B PE=1 SV=1 - [RAP1B_HUMAN]	75.53	0.1	0.1	0.1	0.1	0.1	206.122337	0.1	RAP1B	P61224
40S ribosomal protein S3a OS=Homo sapiens GN=RPS3A PE=1 SV=2 - [RS3A_HUMAN]	0.1	0.1	0.1	0.1	140.4537961	84.91529471	140.49	0.1	RS3A	P61247
60S ribosomal protein L26 OS=Homo sapiens GN=RPL26 PE=1 SV=1 - [RL26_HUMAN]	0.1	0.1	0.1	0.1	0.1	52.63397103	0.1	0.1	RL26	P61254
Proteasome activator complex subunit 3 OS=Homo sapiens GN=PSME3 PE=1 SV=1 - [PSME3_HUMAN]	0.1	0.1	0.1	0.1	0.1	0.1	113.08	0.1	PSME3	P61289
60S ribosomal protein L15 OS=Homo sapiens GN=RPL15 PE=1 SV=2 - [RL15_HUMAN]	0.1	0.1	0.1	0.1	0.1	0.1	76.31314026	0.1	RL15	P61313
60S ribosomal protein L27 OS=Homo sapiens GN=RPL27 PE=1 SV=2 - [RL27_HUMAN]	0.1	0.1	0.1	0.1	45.59391096	0.1	52.04543322	0.1	RL27	P61353
Transforming protein RhoA OS=Homo sapiens GN=RHOA PE=1 SV=1 - [RHOA_HUMAN]	0.1	0.1	0.1	0.1	143.7439065	0.1	129.2773752	0.1	RHOA	P61586
Dolichyl-diphosphooligosaccharide--protein glycosyltransferase subunit DAD1 OS=Homo sapiens GN=DAD1 PE=1 SV=3 - [DAD1_HUMAN]	0.1	0.1	0.1	0.1	0.1	93.82862805000001	0.1	0.1	DAD1	P61803
Heterogeneous nuclear ribonucleoprotein K OS=Homo sapiens GN=HNRNPK PE=1 SV=1 - [HNRPK_HUMAN]	133.19	0.1	97.31	0.1	198.025	0.1	186.4967176	0.1	HNRPK	P61978
14-3-3 protein gamma OS=Homo sapiens GN=YWHAG PE=1 SV=2 - [1433G_HUMAN]	0.1	0.1	142.4196602	0.1	0.1	0.1	0.1	0.1	1433G	P61981
40S ribosomal protein S7 OS=Homo sapiens GN=RPS7 PE=1 SV=1 - [RS7_HUMAN]	79.86191107	0.1	50.78513326	0.1	89.46702203	0.1	83.57017768	0.1	RS7	P62081
26S protease regulatory subunit 8 OS=Homo sapiens GN=PSMC5 PE=1 SV=1 - [PRS8_HUMAN]	0.1	0.1	90.13	0.1	0.1	0.1	0.1	0.1	PRS8	P62195
40S ribosomal protein S8 OS=Homo sapiens GN=RPS8 PE=1 SV=2 - [RS8_HUMAN]	0.1	0.1	0.1	86.14473411	182.2026234	0.1	197.5291136	176.9737297	RS8	P62241
40S ribosomal protein S15a OS=Homo sapiens GN=RPS15A PE=1 SV=2 - [RS15A_HUMAN]	0.1	0.1	0.1	0.1	83.22683494	0.1	154.9356453	0.1	RS15A	P62244
40S ribosomal protein S16 OS=Homo sapiens GN=RPS16 PE=1 SV=2 - [RS16_HUMAN]	0.1	0.1	88.12333332999999	0.1	272.3925253	63.99	117.8919185	0.1	RS16	P62249
14-3-3 protein epsilon OS=Homo sapiens GN=YWHAE PE=1 SV=1 - [1433E_HUMAN]	0.1	0.1	78.75	0.1	103.1933333	93.97013278999999	61.1	105.5305085	1433E	P62258
40S ribosomal protein S14 OS=Homo sapiens GN=RPS14 PE=1 SV=3 - [RS14_HUMAN]	0.1	0.1	0.1	0.1	57.99927462	76.96752184	52.26076539	95.75898352	RS14	P62263
40S ribosomal protein S18 OS=Homo sapiens GN=RPS18 PE=1 SV=3 - [RS18_HUMAN]	0.1	0.1	52.22	95.57631214	164.9405673	60.33423755	156.8541215	76.48805581000001	RS18	P62269
40S ribosomal protein S13 OS=Homo sapiens GN=RPS13 PE=1 SV=2 - [RS13_HUMAN]	111.7276689	0.1	0.1	0.1	163.299119	94.88131215999999	135.4180771	0.1	RS13	P62277
40S ribosomal protein S11 OS=Homo sapiens GN=RPS11 PE=1 SV=3 - [RS11_HUMAN]	0.1	0.1	0.1	0.1	124.3513974	0.1	35.12460778	0.1	RS11	P62280
26S protease regulatory subunit 10B OS=Homo sapiens GN=PSMC6 PE=1 SV=1 - [PRS10_HUMAN]	0.1	0.1	0.1	0.1	0.1	0.1	95.12973493	0.1	PRS10	P62333
60S ribosomal protein L7a OS=Homo sapiens GN=RPL7A PE=1 SV=2 - [RL7A_HUMAN]	0.1	0.1	0.1	0.1	75.30333333	0.1	123.33	0.1	RL7A	P62424
Ras-related protein Rab-11A OS=Homo sapiens GN=RAB11A PE=1 SV=3 - [RB11A_HUMAN]	81.01854144000001	0.1	57.26092573	0.1	92.21666667	0.1	0.1	164.0172624	RB11A	P62491
40S ribosomal protein S4, X isoform OS=Homo sapiens GN=RPS4X PE=1 SV=2 - [RS4X_HUMAN]	0.1	0.1	0.1	0.1	103.2856013	189.093564	99.34765699	221.7702042	RS4X	P62701
40S ribosomal protein S6 OS=Homo sapiens GN=RPS6 PE=1 SV=1 - [RS6_HUMAN]	0.1	0.1	0.1	0.1	132.0333333	0.1	94.86	0.1	RS6	P62753
Histone H4 OS=Homo sapiens GN=HIST1H4A PE=1 SV=2 - [H4_HUMAN]	220.8047777	398.0586874	83.09999999999999	495.9206298	641.9686461	606.7357468	976.1707545	727.3675271	H4	P62805
Ras-related protein Rab-1A OS=Homo sapiens GN=RAB1A PE=1 SV=3 - [RAB1A_HUMAN]	0.1	0.1	0.1	0.1	0.1	0.1	258.1774568	0.1	RAB1A	P62820
GTP-binding nuclear protein Ran OS=Homo sapiens GN=RAN PE=1 SV=3 - [RAN_HUMAN]	0.1	0.1	60.44691354	0.1	0.1	0.1	0.1	0.1	RAN	P62826
60S ribosomal protein L23 OS=Homo sapiens GN=RPL23 PE=1 SV=1 - [RL23_HUMAN]	0.1	0.1	0.1	156.5813295	54.89	203.3973541	183.2504969	264.7412085	RL23	P62829
40S ribosomal protein S25 OS=Homo sapiens GN=RPS25 PE=1 SV=1 - [RS25_HUMAN]	72.31333333000001	0.1	51.09	0.1	108.53	0.1	0.1	0.1	RS25	P62851
40S ribosomal protein S26 OS=Homo sapiens GN=RPS26 PE=1 SV=3 - [RS26_HUMAN]	0.1	0.1	0.1	0.1	43.49	0.1	0.1	0.1	RS26	P62854
Guanine nucleotide-binding protein G(I)/G(S)/G(T) subunit beta-1 OS=Homo sapiens GN=GNB1 PE=1 SV=3 - [GBB1_HUMAN]	0.1	0.1	0.1	0.1	169.3899649	132.3013137	255.0002044	183.0220239	GBB1	P62873
60S ribosomal protein L10a OS=Homo sapiens GN=RPL10A PE=1 SV=2 - [RL10A_HUMAN]	0.1	0.1	0.1	0.1	0.1	113.0846087	0.1	0.1	RL10A	P62906
60S ribosomal protein L11 OS=Homo sapiens GN=RPL11 PE=1 SV=2 - [RL11_HUMAN]	0.1	156.4072073	117.5433333	184.0872787	58.08654414	391.1542734	88.8	0.1	RL11	P62913
60S ribosomal protein L8 OS=Homo sapiens GN=RPL8 PE=1 SV=2 - [RL8_HUMAN]	0.1	0.1	0.1	0.1	0.1	0.1	85.49617078999999	0.1	RL8	P62917
Peptidyl-prolyl cis-trans isomerase A OS=Homo sapiens GN=PPIA PE=1 SV=2 - [PPIA_HUMAN]	0.1	0.1	206.82	0.1	0.1	0.1	190.15	0.1	PPIA	P62937
AP-2 complex subunit beta OS=Homo sapiens GN=AP2B1 PE=1 SV=1 - [AP2B1_HUMAN]	0.1	0.1	0.1	0.1	0.1	0.1	96.73666667000001	0.1	AP2B1	P63010
Guanine nucleotide-binding protein G(i) subunit alpha-1 OS=Homo sapiens GN=GNAI1 PE=1 SV=2 - [GNAI1_HUMAN]	0.1	0.1	0.1	0.1	66.3717647	0.1	0.1	0.1	GNAI1	P63096
14-3-3 protein zeta/delta OS=Homo sapiens GN=YWHAZ PE=1 SV=1 - [1433Z_HUMAN]	158.01443	0.1	333.2311392	0.1	179.7501685	0.1	184.6209494	0.1	1433Z	P63104
Guanine nucleotide-binding protein subunit beta-2-like 1 OS=Homo sapiens GN=GNB2L1 PE=1 SV=3 - [GBLP_HUMAN]	0.1	0.1	155.4666667	0.1	151.46	0.1	140.61	0.1	GBLP	P63244
Nuclease-sensitive element-binding protein 1 OS=Homo sapiens GN=YBX1 PE=1 SV=3 - [YBOX1_HUMAN]	0.1	0.1	0.1	0.1	204.5968	638.4660617	283.3992608	247.3863957	YBOX1	P67809
Elongation factor 1-alpha 1 OS=Homo sapiens GN=EEF1A1 PE=1 SV=1 - [EF1A1_HUMAN]	396.8556007	284.9540225	367.807477	310.9188308	212.8015499	567.3376736	601.5212842	134.9968631	EF1A1	P68104
Tubulin alpha-1B chain OS=Homo sapiens GN=TUBA1B PE=1 SV=1 - [TBA1B_HUMAN]	0.1	0.1	384.7766667	481.4353596	686.2723681	0.1	851.670162	733.8934978	TBA1B	P68363
Tubulin alpha-4A chain OS=Homo sapiens GN=TUBA4A PE=1 SV=1 - [TBA4A_HUMAN]	587.6303333	471.3293916	320.385087	0.1	587.5962398	0.1	712.6183342	0.1	TBA4A	P68366
Tubulin beta-4B chain OS=Homo sapiens GN=TUBB4B PE=1 SV=1 - [TBB4B_HUMAN]	1305.069964	533.0784483	517.8543244	0.1	642.3252135	0.1	955.7673787	0.1	TBB4B	P68371
Histone H3.1 OS=Homo sapiens GN=HIST1H3A PE=1 SV=2 - [H31_HUMAN]	0.1	0.1	0.1	118.9561803	0.1	0.1	115.5492631	0.1	H31	P68431
Nodal modulator 3 OS=Homo sapiens GN=NOMO3 PE=2 SV=2 - [NOMO3_HUMAN]	0.1	0.1	0.1	0.1	55.46	0.1	105.74	0.1	NOMO3	P69849
T-complex protein 1 subunit beta OS=Homo sapiens GN=CCT2 PE=1 SV=4 - [TCPB_HUMAN]	357.6722434	0.1	312.3725675	0.1	308.6154335	96.74776803	476.0696923	0.1	TCPB	P78371
DNA-dependent protein kinase catalytic subunit OS=Homo sapiens GN=PRKDC PE=1 SV=3 - [PRKDC_HUMAN]	663.022777	0.1	47.83	378.0964723	1144.898933	140.8734995	1647.560351	1685.828843	PRKDC	P78527
Interferon-induced 35 kDa protein OS=Homo sapiens GN=IFI35 PE=1 SV=5 - [IN35_HUMAN]	0.1	0.1	0.1	0.1	0.1	0.1	165.34	0.1	IN35	P80217
Brain acid soluble protein 1 OS=Homo sapiens GN=BASP1 PE=1 SV=2 - [BASP1_HUMAN]	0.1	0.1	0.1	128.3809891	94.59	814.8611572999999	60.7	797.1662413	BASP1	P80723
Dermcidin OS=Homo sapiens GN=DCD PE=1 SV=2 - [DCD_HUMAN]	0.1	0.1	150.85	0.1	65.56885228	0.1	101.9801636	0.1	DCD	P81605
Phosphate carrier protein, mitochondrial OS=Homo sapiens GN=SLC25A3 PE=1 SV=2 - [MPCP_HUMAN]	0.1	0.1	79.45583142	0.1	0.1	0.1	109.47289	0.1	MPCP	Q00325
Clathrin heavy chain 1 OS=Homo sapiens GN=CLTC PE=1 SV=5 - [CLH1_HUMAN]	887.563702	875.2550788999999	500.9046251	664.1415029999999	736.1793537999999	530.2713159	953.7424724	562.0795242	CLH1	Q00610
Heterogeneous nuclear ribonucleoprotein U OS=Homo sapiens GN=HNRNPU PE=1 SV=6 - [HNRPU_HUMAN]	0.1	0.1	0.1	0.1	0.1	0.1	146.9546299	0.1	HNRPU	Q00839
Spectrin beta chain, non-erythrocytic 1 OS=Homo sapiens GN=SPTBN1 PE=1 SV=2 - [SPTB2_HUMAN]	0.1	0.1	0.1	0.1	0.1	0.1	185.9342702	82.49236123999999	SPTB2	Q01082
Adenylyl cyclase-associated protein 1 OS=Homo sapiens GN=CAP1 PE=1 SV=5 - [CAP1_HUMAN]	0.1	0.1	67.10333333	0.1	71.73	0.1	134.87	0.1	CAP1	Q01518
Large neutral amino acids transporter small subunit 1 OS=Homo sapiens GN=SLC7A5 PE=1 SV=2 - [LAT1_HUMAN]	0.1	441.544032	188.56	468.9590485	155.91	0.1	160.19	0.1	LAT1	Q01650
6-phosphofructokinase type C OS=Homo sapiens GN=PFKP PE=1 SV=2 - [K6PP_HUMAN]	0.1	0.1	0.1	0.1	0.1	0.1	175.34	0.1	K6PP	Q01813
2-oxoglutarate dehydrogenase, mitochondrial OS=Homo sapiens GN=OGDH PE=1 SV=3 - [ODO1_HUMAN]	44.02	0.1	43.4	0.1	0.1	0.1	49.16333333	0.1	ODO1	Q02218
Desmoglein-1 OS=Homo sapiens GN=DSG1 PE=1 SV=2 - [DSG1_HUMAN]	171.47	0.1	61.52	190.2163121	67.57666666999999	0.1	264.195	0.1	DSG1	Q02413
60S ribosomal protein L18a OS=Homo sapiens GN=RPL18A PE=1 SV=2 - [RL18A_HUMAN]	0.1	0.1	0.1	0.1	97.59706233	0.1	91.61910137	74.7247	RL18A	Q02543
Procollagen-lysine,2-oxoglutarate 5-dioxygenase 1 OS=Homo sapiens GN=PLOD1 PE=1 SV=2 - [PLOD1_HUMAN]	87.04000000000001	0.1	0.1	0.1	142.4762932	130.675989	257.1904633	0.1	PLOD1	Q02809
60S ribosomal protein L6 OS=Homo sapiens GN=RPL6 PE=1 SV=3 - [RL6_HUMAN]	0.1	0.1	81.84093074	0.1	138.2124661	0.1	107.2092437	0.1	RL6	Q02878
Mitochondrial 2-oxoglutarate/malate carrier protein OS=Homo sapiens GN=SLC25A11 PE=1 SV=3 - [M2OM_HUMAN]	0.1	0.1	0.1	0.1	0.1	0.1	126.794633	0.1	M2OM	Q02978
Eukaryotic translation initiation factor 4 gamma 1 OS=Homo sapiens GN=EIF4G1 PE=1 SV=4 - [IF4G1_HUMAN]	0.1	0.1	0.1	0.1	84.64	0.1	120.88	0.1	IF4G1	Q04637
Keratin, type I cytoskeletal 17 OS=Homo sapiens GN=KRT17 PE=1 SV=2 - [K1C17_HUMAN]	687.3744316999999	0.1	969.5886531	862.4144251	1675.961374	1145.232177	777.369352	500.4822022	K1C17	Q04695
Single-stranded DNA-binding protein, mitochondrial OS=Homo sapiens GN=SSBP1 PE=1 SV=1 - [SSBP_HUMAN]	133.27	0.1	73.65000000000001	162.0938536	92.78110622	0.1	133.5047153	0.1	SSBP	Q04837
Proteolipid protein 2 OS=Homo sapiens GN=PLP2 PE=1 SV=1 - [PLP2_HUMAN]	0.1	0.1	0.1	0.1	0.1	0.1	105.0333333	0.1	PLP2	Q04941
Glutamine--fructose-6-phosphate aminotransferase [isomerizing] 1 OS=Homo sapiens GN=GFPT1 PE=1 SV=3 - [GFPT1_HUMAN]	0.1	0.1	0.1	0.1	0.1	0.1	99.53	0.1	GFPT1	Q06210
Fragile X mental retardation protein 1 OS=Homo sapiens GN=FMR1 PE=1 SV=1 - [FMR1_HUMAN]	0.1	0.1	0.1	0.1	150.6566667	0.1	0.1	0.1	FMR1	Q06787
Peroxiredoxin-1 OS=Homo sapiens GN=PRDX1 PE=1 SV=1 - [PRDX1_HUMAN]	86.98447075999999	0.1	138.2073926	0.1	0.1	0.1	71.60051439	0.1	PRDX1	Q06830
60S ribosomal protein L18 OS=Homo sapiens GN=RPL18 PE=1 SV=2 - [RL18_HUMAN]	110.15	107.6760406	0.1	0.1	195.5543209	0.1	95.79430157	0.1	RL18	Q07020
Cytoskeleton-associated protein 4 OS=Homo sapiens GN=CKAP4 PE=1 SV=2 - [CKAP4_HUMAN]	137.1	0.1	0.1	0.1	102.6991097	0.1	255.9455029	0.1	CKAP4	Q07065
Serine/arginine-rich splicing factor 1 OS=Homo sapiens GN=SRSF1 PE=1 SV=2 - [SRSF1_HUMAN]	0.1	0.1	0.1	0.1	45.65	0.1	0.1	0.1	SRSF1	Q07955
Protein-glutamine gamma-glutamyltransferase E OS=Homo sapiens GN=TGM3 PE=1 SV=4 - [TGM3_HUMAN]	0.1	0.1	0.1	0.1	0.1	0.1	149.9333333	0.1	TGM3	Q08188
ATP-dependent RNA helicase A OS=Homo sapiens GN=DHX9 PE=1 SV=4 - [DHX9_HUMAN]	0.1	0.1	0.1	0.1	74.90000000000001	0.1	0.1	0.1	DHX9	Q08211
Galectin-3-binding protein OS=Homo sapiens GN=LGALS3BP PE=1 SV=1 - [LG3BP_HUMAN]	85.65326824	0.1	0.1	0.1	0.1	0.1	100.58	0.1	LG3BP	Q08380
Desmocollin-1 OS=Homo sapiens GN=DSC1 PE=1 SV=2 - [DSC1_HUMAN]	0.1	0.1	0.1	0.1	0.1	0.1	95.48999999999999	0.1	DSC1	Q08554
FACT complex subunit SSRP1 OS=Homo sapiens GN=SSRP1 PE=1 SV=1 - [SSRP1_HUMAN]	0.1	0.1	0.1	0.1	157.62	0.1	166.19	0.1	SSRP1	Q08945
Histone-binding protein RBBP4 OS=Homo sapiens GN=RBBP4 PE=1 SV=3 - [RBBP4_HUMAN]	0.1	0.1	0.1	0.1	0.1	0.1	94.40000000000001	0.1	RBBP4	Q09028
Neuroblast differentiation-associated protein AHNAK OS=Homo sapiens GN=AHNAK PE=1 SV=2 - [AHNK_HUMAN]	222.2719302	118.9072073	318.667197	202.8858895	568.3532036	206.3579201	891.0305281	63.64319654	AHNK	Q09666
Polypeptide N-acetylgalactosaminyltransferase 2 OS=Homo sapiens GN=GALNT2 PE=1 SV=1 - [GALT2_HUMAN]	0.1	0.1	56.52333333	0.1	204.695	0.1	256.1138462	176.2376094	GALT2	Q10471
AP-1 complex subunit beta-1 OS=Homo sapiens GN=AP1B1 PE=1 SV=2 - [AP1B1_HUMAN]	0.1	0.1	0.1	0.1	0.1	141.2032101	0.1	0.1	AP1B1	Q10567
Aspartyl/asparaginyl beta-hydroxylase OS=Homo sapiens GN=ASPH PE=1 SV=3 - [ASPH_HUMAN]	0.1	0.1	0.1	0.1	106.1533333	468.5648236	201.51	0.1	ASPH	Q12797
Alpha-globin transcription factor CP2 OS=Homo sapiens GN=TFCP2 PE=1 SV=2 - [TFCP2_HUMAN]	118.78	0.1	0.1	0.1	68.23999999999999	0.1	118.7496869	0.1	TFCP2	Q12800
Interleukin enhancer-binding factor 2 OS=Homo sapiens GN=ILF2 PE=1 SV=2 - [ILF2_HUMAN]	0.1	0.1	0.1	0.1	71.89616663	0.1	45.86	0.1	ILF2	Q12905
Vesicular integral-membrane protein VIP36 OS=Homo sapiens GN=LMAN2 PE=1 SV=1 - [LMAN2_HUMAN]	0.1	0.1	0.1	0.1	94.79000000000001	106.2003521	151.3098466	0.1	LMAN2	Q12907
Heat shock protein 75 kDa, mitochondrial OS=Homo sapiens GN=TRAP1 PE=1 SV=3 - [TRAP1_HUMAN]	217.2518521	0.1	252.2987385	0.1	108.6816687	0.1	0.1	0.1	TRAP1	Q12931
Acetyl-CoA carboxylase 1 OS=Homo sapiens GN=ACACA PE=1 SV=2 - [ACACA_HUMAN]	0.1	0.1	0.1	0.1	0.1	0.1	94.02666667	0.1	ACACA	Q13085
TAR DNA-binding protein 43 OS=Homo sapiens GN=TARDBP PE=1 SV=1 - [TADBP_HUMAN]	0.1	0.1	0.1	0.1	138.21	74.88397103	0.1	0.1	TADBP	Q13148
Aminoacyl tRNA synthase complex-interacting multifunctional protein 2 OS=Homo sapiens GN=AIMP2 PE=1 SV=2 - [AIMP2_HUMAN]	0.1	50.01906911	71.08	0.1	0.1	0.1	72.34999999999999	0.1	AIMP2	Q13155
Peroxiredoxin-4 OS=Homo sapiens GN=PRDX4 PE=1 SV=1 - [PRDX4_HUMAN]	0.1	0.1	0.1	0.1	37.35871964	0.1	85.01867219	0.1	PRDX4	Q13162
26S proteasome non-ATPase regulatory subunit 2 OS=Homo sapiens GN=PSMD2 PE=1 SV=3 - [PSMD2_HUMAN]	0.1	0.1	39.09439634	0.1	55.902541	0.1	186.0978472	0.1	PSMD2	Q13200
Transcription intermediary factor 1-beta OS=Homo sapiens GN=TRIM28 PE=1 SV=5 - [TIF1B_HUMAN]	0.1	0.1	97.72	0.1	176.83	0.1	181.85	0.1	TIF1B	Q13263
Ras GTPase-activating protein-binding protein 1 OS=Homo sapiens GN=G3BP1 PE=1 SV=1 - [G3BP1_HUMAN]	0.1	0.1	0.1	0.1	223.4357482	109.2041728	164.95	117.0131483	G3BP1	Q13283
Polyadenylate-binding protein 4 OS=Homo sapiens GN=PABPC4 PE=1 SV=1 - [PABP4_HUMAN]	0.1	0.1	0.1	0.1	404.5366097	0.1	312.9482222	0.1	PABP4	Q13310
Cytoplasmic dynein 1 intermediate chain 2 OS=Homo sapiens GN=DYNC1I2 PE=1 SV=3 - [DC1I2_HUMAN]	0.1	0.1	0.1	0.1	142.58	0.1	121.24	0.1	DC1I2	Q13409
NAD(P) transhydrogenase, mitochondrial OS=Homo sapiens GN=NNT PE=1 SV=3 - [NNTM_HUMAN]	0.1	0.1	0.1	0.1	0.1	85.98862805	119.2190717	0.1	NNTM	Q13423
DNA repair protein XRCC4 OS=Homo sapiens GN=XRCC4 PE=1 SV=2 - [XRCC4_HUMAN]	0.1	0.1	0.1	0.1	119.9133333	0.1	211	0.1	XRCC4	Q13426
Golgin subfamily A member 4 OS=Homo sapiens GN=GOLGA4 PE=1 SV=1 - [GOGA4_HUMAN]	62.86	0.1	0.1	0.1	0.1	0.1	0.1	0.1	GOGA4	Q13439
Sequestosome-1 OS=Homo sapiens GN=SQSTM1 PE=1 SV=1 - [SQSTM_HUMAN]	155.3	0.1	103	155.5547341	0.1	0.1	142.9680528	59.98236124	SQSTM	Q13501
Ras-related protein Rab-32 OS=Homo sapiens GN=RAB32 PE=1 SV=3 - [RAB32_HUMAN]	0.1	0.1	0.1	0.1	0.1	85.29460874	139.3093013	60.4610134	RAB32	Q13637
Nascent polypeptide-associated complex subunit alpha OS=Homo sapiens GN=NACA PE=1 SV=1 - [NACA_HUMAN]	0.1	0.1	268.29	0.1	0.1	0.1	0.1	0.1	NACA	Q13765
Spectrin alpha chain, non-erythrocytic 1 OS=Homo sapiens GN=SPTAN1 PE=1 SV=3 - [SPTN1_HUMAN]	0.1	0.1	0.1	0.1	0.1	0.1	91.47	0.1	SPTN1	Q13813
Plakophilin-1 OS=Homo sapiens GN=PKP1 PE=1 SV=2 - [PKP1_HUMAN]	0.1	0.1	0.1	0.1	0.1	0.1	90.52	0.1	PKP1	Q13835
Desmoglein-2 OS=Homo sapiens GN=DSG2 PE=1 SV=2 - [DSG2_HUMAN]	0.1	0.1	0.1	0.1	101.87	85.75322694	137.07	156.7904558	DSG2	Q14126
Eukaryotic translation initiation factor 3 subunit A OS=Homo sapiens GN=EIF3A PE=1 SV=1 - [EIF3A_HUMAN]	0.1	0.1	0.1	0.1	170.84	0.1	73.63	0.1	EIF3A	Q14152
Werner syndrome ATP-dependent helicase OS=Homo sapiens GN=WRN PE=1 SV=2 - [WRN_HUMAN]	0.1	0.1	0.1	0.1	0.1	0.1	109.6394601	0.1	WRN	Q14191
Dynactin subunit 1 OS=Homo sapiens GN=DCTN1 PE=1 SV=3 - [DCTN1_HUMAN]	0.1	0.1	0.1	0.1	0.1	0.1	80.99741517	0.1	DCTN1	Q14203
Cytoplasmic dynein 1 heavy chain 1 OS=Homo sapiens GN=DYNC1H1 PE=1 SV=5 - [DYHC1_HUMAN]	103.38	0.1	0.1	0.1	290.2218182	140.1476811	809.1728306	124.7110927	DYHC1	Q14204
Caprin-1 OS=Homo sapiens GN=CAPRIN1 PE=1 SV=2 - [CAPR1_HUMAN]	0.1	0.1	0.1	0.1	76.59999999999999	105.3212119	0.1	0.1	CAPR1	Q14444
Inositol 1,4,5-trisphosphate receptor type 1 OS=Homo sapiens GN=ITPR1 PE=1 SV=3 - [ITPR1_HUMAN]	0.1	0.1	0.1	0.1	73.23999999999999	0.1	199.562273	0.1	ITPR1	Q14643
Ubiquitin carboxyl-terminal hydrolase 10 OS=Homo sapiens GN=USP10 PE=1 SV=2 - [UBP10_HUMAN]	0.1	0.1	0.1	0.1	87.03	0.1	0.1	0.1	UBP10	Q14694
Neutral alpha-glucosidase AB OS=Homo sapiens GN=GANAB PE=1 SV=3 - [GANAB_HUMAN]	92.55438621	0.1	44.5	0.1	64.11370511	106.2619131	87.99171256	148.4276528	GANAB	Q14697
Major vault protein OS=Homo sapiens GN=MVP PE=1 SV=4 - [MVP_HUMAN]	0.1	0.1	0.1	0.1	113.4725392	0.1	59.98270839	0.1	MVP	Q14764
Importin subunit beta-1 OS=Homo sapiens GN=KPNB1 PE=1 SV=2 - [IMB1_HUMAN]	127.8395641	0.1	132.26	0.1	176.2396162	114.3752947	201.7297014	0.1	IMB1	Q14974
Nuclear mitotic apparatus protein 1 OS=Homo sapiens GN=NUMA1 PE=1 SV=2 - [NUMA1_HUMAN]	0.1	0.1	0.1	0.1	0.1	0.1	0.1	114.3387644	NUMA1	Q14980
Septin-2 OS=Homo sapiens GN=SEPT2 PE=1 SV=1 - [SEPT2_HUMAN]	0.1	0.1	0.1	0.1	102.8	0.1	227.2633714	0.1	SEPT2	Q15019
Zinc transporter ZIP14 OS=Homo sapiens GN=SLC39A14 PE=1 SV=3 - [S39AE_HUMAN]	0.1	0.1	0.1	0.1	0.1	0.1	84.01000000000001	0.1	S39AE	Q15043
Lysine--tRNA ligase OS=Homo sapiens GN=KARS PE=1 SV=3 - [SYK_HUMAN]	88.44121706	0.1	128.1	0.1	0.1	0.1	84.13561381	71.23106616	SYK	Q15046
Protein disulfide-isomerase A6 OS=Homo sapiens GN=PDIA6 PE=1 SV=1 - [PDIA6_HUMAN]	177.0700456	0.1	0.1	0.1	0.1	0.1	223.2680547	0.1	PDIA6	Q15084
Plectin OS=Homo sapiens GN=PLEC PE=1 SV=3 - [PLEC_HUMAN]	69.15333333	0.1	0.1	0.1	3837.330981	0.1	1202.828816	67.94805581	PLEC	Q15149
Non-POU domain-containing octamer-binding protein OS=Homo sapiens GN=NONO PE=1 SV=4 - [NONO_HUMAN]	0.1	0.1	0.1	0.1	150.885	0.1	142.7766667	0.1	NONO	Q15233
Keratin, type I cuticular Ha1 OS=Homo sapiens GN=KRT31 PE=2 SV=3 - [K1H1_HUMAN]	0.1	226.1440882	0.1	0.1	0.1	0.1	0.1	0.1	K1H1	Q15323
Poly(rC)-binding protein 1 OS=Homo sapiens GN=PCBP1 PE=1 SV=2 - [PCBP1_HUMAN]	199.3128571	68.69875881	231.8589215	0.1	172.52	0.1	160.0342559	0.1	PCBP1	Q15365
Poly(rC)-binding protein 2 OS=Homo sapiens GN=PCBP2 PE=1 SV=1 - [PCBP2_HUMAN]	0.1	0.1	0.1	0.1	0.1	89.5712754	0.1	130.6278708	PCBP2	Q15366
Splicing factor 3B subunit 3 OS=Homo sapiens GN=SF3B3 PE=1 SV=4 - [SF3B3_HUMAN]	0.1	0.1	0.1	0.1	95.00333333	0.1	0.1	0.1	SF3B3	Q15393
2'-5'-oligoadenylate synthase-like protein OS=Homo sapiens GN=OASL PE=1 SV=2 - [OASL_HUMAN]	0.1	0.1	0.1	0.1	65.64333333	0.1	72.81	0.1	OASL	Q15646
ELAV-like protein 1 OS=Homo sapiens GN=ELAVL1 PE=1 SV=2 - [ELAV1_HUMAN]	0.1	0.1	0.1	0.1	61.13	0.1	51.72	0.1	ELAV1	Q15717
Neutral amino acid transporter B(0) OS=Homo sapiens GN=SLC1A5 PE=1 SV=2 - [AAAT_HUMAN]	0.1	92.5082388	0.1	83.60688838	105.1933333	140.765932	107.9212544	105.0098311	AAAT	Q15758
Vesicle-associated membrane protein 3 OS=Homo sapiens GN=VAMP3 PE=1 SV=3 - [VAMP3_HUMAN]	0.1	0.1	0.1	0.1	0.1	0.1	111.02	0.1	VAMP3	Q15836
Ras-related protein Rab-11B OS=Homo sapiens GN=RAB11B PE=1 SV=4 - [RB11B_HUMAN]	0.1	0.1	0.1	0.1	0.1	135.7489348	218.8958102	0.1	RB11B	Q15907
26S proteasome non-ATPase regulatory subunit 5 OS=Homo sapiens GN=PSMD5 PE=1 SV=3 - [PSMD5_HUMAN]	0.1	0.1	0.1	0.1	113.0159252	0.1	105.4009069	0.1	PSMD5	Q16401
Histone H2A type 2-C OS=Homo sapiens GN=HIST2H2AC PE=1 SV=4 - [H2A2C_HUMAN]	0.1	0.1	0.1	0.1	739.7554031	0.1	0.1	0.1	H2A2C	Q16777
Thioredoxin reductase 1, cytoplasmic OS=Homo sapiens GN=TXNRD1 PE=1 SV=3 - [TRXR1_HUMAN]	0.1	0.1	109.3533333	0.1	0.1	0.1	130.42	0.1	TRXR1	Q16881
Tumor protein D53 OS=Homo sapiens GN=TPD52L1 PE=1 SV=1 - [TPD53_HUMAN]	0.1	0.1	0.1	0.1	323.1833819	262.7261853	445.3026514	381.0917942	TPD53	Q16890
Inverted formin-2 OS=Homo sapiens GN=INF2 PE=1 SV=2 - [INF2_HUMAN]	0.1	0.1	0.1	0.1	82.45999999999999	0.1	104.5712373	0.1	INF2	Q27J81
Protein LSM12 homolog OS=Homo sapiens GN=LSM12 PE=1 SV=2 - [LSM12_HUMAN]	0.1	0.1	0.1	0.1	95.86333333	0.1	0.1	0.1	LSM12	Q3MHD2
Mitochondrial import inner membrane translocase subunit TIM50 OS=Homo sapiens GN=TIMM50 PE=1 SV=2 - [TIM50_HUMAN]	0.1	0.1	0.1	0.1	107.7166667	0.1	47.48228032	0.1	TIM50	Q3ZCQ8
Poly [ADP-ribose] polymerase 14 OS=Homo sapiens GN=PARP14 PE=1 SV=3 - [PAR14_HUMAN]	124.42	0.1	0.1	0.1	564.2033906	0.1	524.8675527	0.1	PAR14	Q460N5
Filaggrin-2 OS=Homo sapiens GN=FLG2 PE=1 SV=1 - [FILA2_HUMAN]	0.1	0.1	0.1	338.2412247	62.48	107.2071768	88.87	0.1	FILA2	Q5D862
Torsin-1A-interacting protein 1 OS=Homo sapiens GN=TOR1AIP1 PE=1 SV=2 - [TOIP1_HUMAN]	0.1	0.1	0.1	0.1	52.11106086	0.1	82.29666666999999	0.1	TOIP1	Q5JTV8
Atlastin-3 OS=Homo sapiens GN=ATL3 PE=1 SV=1 - [ATLA3_HUMAN]	0.1	0.1	0.1	0.1	0.1	0.1	100.95	0.1	ATLA3	Q6DD88
Vasorin OS=Homo sapiens GN=VASN PE=1 SV=1 - [VASN_HUMAN]	0.1	0.1	0.1	0.1	68.36	0.1	0.1	0.1	VASN	Q6EMK4
Keratin, type II cytoskeletal 80 OS=Homo sapiens GN=KRT80 PE=1 SV=2 - [K2C80_HUMAN]	0.1	0.1	0.1	0.1	0.1	0.1	219.05	0.1	K2C80	Q6KB66
Calcium-binding mitochondrial carrier protein SCaMC-1 OS=Homo sapiens GN=SLC25A24 PE=1 SV=2 - [SCMC1_HUMAN]	0.1	0.1	0.1	0.1	63.81453335	0.1	0.1	0.1	SCMC1	Q6NUK1
Histone H3.3C OS=Homo sapiens GN=H3F3C PE=1 SV=3 - [H3C_HUMAN]	0.1	0.1	0.1	0.1	60.49988155	65.94485679	0.1	193.2522374	H3C	Q6NXT2
La-related protein 1 OS=Homo sapiens GN=LARP1 PE=1 SV=2 - [LARP1_HUMAN]	0.1	0.1	0.1	0.1	137.14	0.1	97.94	0.1	LARP1	Q6PKG0
CD109 antigen OS=Homo sapiens GN=CD109 PE=1 SV=2 - [CD109_HUMAN]	0.1	0.1	0.1	0.1	85.17619704000001	0.1	220.39	0.1	CD109	Q6YHK3
F-box only protein 50 OS=Homo sapiens GN=NCCRP1 PE=1 SV=1 - [FBX50_HUMAN]	0.1	0.1	0.1	0.1	0.1	0.1	89.84999999999999	0.1	FBX50	Q6ZVX7
Tubulin alpha-1A chain OS=Homo sapiens GN=TUBA1A PE=1 SV=1 - [TBA1A_HUMAN]	0.1	0.1	0.1	0.1	0.1	868.470101	0.1	0.1	TBA1A	Q71U36
Staphylococcal nuclease domain-containing protein 1 OS=Homo sapiens GN=SND1 PE=1 SV=1 - [SND1_HUMAN]	0.1	0.1	0.1	0.1	184.3442857	50.14397103	105.28	0.1	SND1	Q7KZF4
Putative ATP-dependent RNA helicase DHX30 OS=Homo sapiens GN=DHX30 PE=1 SV=1 - [DHX30_HUMAN]	0.1	0.1	0.1	0.1	183.68094	0.1	114.9	0.1	DHX30	Q7L2E3
Zinc finger CCCH-type antiviral protein 1 OS=Homo sapiens GN=ZC3HAV1 PE=1 SV=3 - [ZCCHV_HUMAN]	113.5213677	0.1	0.1	0.1	159.46	0.1	233.95855	109.1523612	ZCCHV	Q7Z2W4
Nuclear fragile X mental retardation-interacting protein 2 OS=Homo sapiens GN=NUFIP2 PE=1 SV=1 - [NUFP2_HUMAN]	0.1	0.1	0.1	0.1	95.39514002999999	0.1	119.0023069	0.1	NUFP2	Q7Z417
Keratin, type II cytoskeletal 1b OS=Homo sapiens GN=KRT77 PE=2 SV=3 - [K2C1B_HUMAN]	1057.711255	1207.547902	926.2742729	1106.406324	587.0498235	1979.551629	1121.523256	2384.889054	K2C1B	Q7Z794
Protein LYRIC OS=Homo sapiens GN=MTDH PE=1 SV=2 - [LYRIC_HUMAN]	0.1	0.1	0.1	0.1	0.1	0.1	104.67	0.1	LYRIC	Q86UE4
Kinectin OS=Homo sapiens GN=KTN1 PE=1 SV=1 - [KTN1_HUMAN]	0.1	0.1	0.1	0.1	77.59106341	0.1	0.1	0.1	KTN1	Q86UP2
Chromodomain-helicase-DNA-binding protein 1-like OS=Homo sapiens GN=CHD1L PE=1 SV=2 - [CHD1L_HUMAN]	0.1	0.1	0.1	0.1	76.85885852	0.1	182.3169792	0.1	CHD1L	Q86WJ1
Hornerin OS=Homo sapiens GN=HRNR PE=1 SV=2 - [HORN_HUMAN]	48.67	268.4110558	198.2918182	438.9699861	60.21	316.0476067	169.64	173.9105953	HORN	Q86YZ3
Prolyl 3-hydroxylase 3 OS=Homo sapiens GN=LEPREL2 PE=1 SV=1 - [P3H3_HUMAN]	0.1	0.1	0.1	0.1	88.82333333	0.1	117.67	0.1	P3H3	Q8IVL6
DnaJ homolog subfamily C member 10 OS=Homo sapiens GN=DNAJC10 PE=1 SV=2 - [DJC10_HUMAN]	185.2228956	140.3976805	82.38871964000001	70.05543738	69.68333333	189.9513188	260.0551618	156.7643788	DJC10	Q8IXB1
Poly [ADP-ribose] polymerase 9 OS=Homo sapiens GN=PARP9 PE=1 SV=2 - [PARP9_HUMAN]	193.8884121	0.1	0.1	0.1	297.1696999	0.1	496.4789542	0.1	PARP9	Q8IXQ6
Keratin, type II cytoskeletal 78 OS=Homo sapiens GN=KRT78 PE=2 SV=2 - [K2C78_HUMAN]	0.1	0.1	0.1	0.1	56.92	0.1	239.205	0.1	K2C78	Q8N1N4
Cleavage and polyadenylation specificity factor subunit 7 OS=Homo sapiens GN=CPSF7 PE=1 SV=1 - [CPSF7_HUMAN]	0.1	0.1	0.1	0.1	74.55	0.1	0.1	0.1	CPSF7	Q8N684
Cyclic GMP-AMP synthase OS=Homo sapiens GN=MB21D1 PE=1 SV=2 - [CGAS_HUMAN]	0.1	0.1	0.1	0.1	129.4958835	0.1	300.7897712	0.1	CGAS	Q8N884
Plasminogen activator inhibitor 1 RNA-binding protein OS=Homo sapiens GN=SERBP1 PE=1 SV=2 - [PAIRB_HUMAN]	0.1	0.1	0.1	0.1	0.1	98.34463244	0.1	113.7910645	PAIRB	Q8NC51
LEM domain-containing protein 2 OS=Homo sapiens GN=LEMD2 PE=1 SV=1 - [LEMD2_HUMAN]	0.1	0.1	0.1	0.1	124.9856617	0.1	185.2549055	0.1	LEMD2	Q8NC56
F-box only protein 22 OS=Homo sapiens GN=FBXO22 PE=1 SV=1 - [FBX22_HUMAN]	144.13	120.4737014	90.97546063999999	115.7803568	194.4445012	0.1	221.0571437	100.5515742	FBX22	Q8NEZ5
E3 ubiquitin-protein ligase DTX3L OS=Homo sapiens GN=DTX3L PE=1 SV=1 - [DTX3L_HUMAN]	96.43000000000001	0.1	0.1	0.1	106.58	0.1	396.4397131	0.1	DTX3L	Q8TDB6
Palladin OS=Homo sapiens GN=PALLD PE=1 SV=3 - [PALLD_HUMAN]	57.33666667	0.1	99.16	0.1	97.28786648000001	0.1	101.0066667	0.1	PALLD	Q8WX93
ATP-dependent RNA helicase DDX1 OS=Homo sapiens GN=DDX1 PE=1 SV=2 - [DDX1_HUMAN]	0.1	0.1	0.1	0.1	113.1755291	0.1	63.15	0.1	DDX1	Q92499
UBX domain-containing protein 4 OS=Homo sapiens GN=UBXN4 PE=1 SV=2 - [UBXN4_HUMAN]	0.1	0.1	0.1	0.1	0.1	0.1	79.56999999999999	0.1	UBXN4	Q92575
Heat shock protein 105 kDa OS=Homo sapiens GN=HSPH1 PE=1 SV=1 - [HS105_HUMAN]	0.1	0.1	0.1	0.1	109.71	76.69624621	137.53	0.1	HS105	Q92598
Translational activator GCN1 OS=Homo sapiens GN=GCN1L1 PE=1 SV=6 - [GCN1L_HUMAN]	145.1933333	0.1	0.1	0.1	55.13	0.1	113.18	0.1	GCN1L	Q92616
Probable ATP-dependent RNA helicase DDX17 OS=Homo sapiens GN=DDX17 PE=1 SV=2 - [DDX17_HUMAN]	126.4866667	0.1	0.1	0.1	194.6457859	0.1	188.17	0.1	DDX17	Q92841
Regulator of nonsense transcripts 1 OS=Homo sapiens GN=UPF1 PE=1 SV=2 - [RENT1_HUMAN]	0.1	0.1	0.1	0.1	93.11	0.1	172.4946242	0.1	RENT1	Q92900
Far upstream element-binding protein 2 OS=Homo sapiens GN=KHSRP PE=1 SV=4 - [FUBP2_HUMAN]	0.1	0.1	0.1	0.1	0.1	0.1	112.6733333	0.1	FUBP2	Q92945
Transportin-1 OS=Homo sapiens GN=TNPO1 PE=1 SV=2 - [TNPO1_HUMAN]	92.16689919	0.1	0.1	0.1	58.35	0.1	97.24333333	0.1	TNPO1	Q92973
Histone deacetylase 10 OS=Homo sapiens GN=HDAC10 PE=1 SV=1 - [HDA10_HUMAN]	172.35	422.669574	62.95666667	220.2305976	142.16	119.2952947	252.5042857	0.1	HDA10	Q969S8
Nicalin OS=Homo sapiens GN=NCLN PE=1 SV=2 - [NCLN_HUMAN]	0.1	0.1	0.1	0.1	0.1	0.1	75.52274635000001	0.1	NCLN	Q969V3
Leucine-rich repeat-containing protein 59 OS=Homo sapiens GN=LRRC59 PE=1 SV=1 - [LRC59_HUMAN]	62.73333333	0.1	0.1	86.25058318000001	62.74333333	0.1	102.3	213.7128758	LRC59	Q96AG4
Up-regulated during skeletal muscle growth protein 5 OS=Homo sapiens GN=USMG5 PE=1 SV=1 - [USMG5_HUMAN]	0.1	0.1	0.1	0.1	0.1	0.1	85.51000000000001	0.1	USMG5	Q96IX5
Histone H2A type 1-H OS=Homo sapiens GN=HIST1H2AH PE=1 SV=3 - [H2A1H_HUMAN]	227.176755	315.6403031	78.00657373	375.4891998	0.1	504.6733529	807.8232513	525.2087637	H2A1H	Q96KK5
Importin-9 OS=Homo sapiens GN=IPO9 PE=1 SV=3 - [IPO9_HUMAN]	0.1	0.1	0.1	0.1	0.1	0.1	84.53666667	0.1	IPO9	Q96P70
RNA-binding protein 14 OS=Homo sapiens GN=RBM14 PE=1 SV=2 - [RBM14_HUMAN]	0.1	0.1	0.1	0.1	180.5933333	0.1	323.0170255	0.1	RBM14	Q96PK6
Histone H2A type 1-A OS=Homo sapiens GN=HIST1H2AA PE=1 SV=3 - [H2A1A_HUMAN]	0.1	0.1	0.1	0.1	0.1	0.1	319.9873722	0.1	H2A1A	Q96QV6
Bifunctional polynucleotide phosphatase/kinase OS=Homo sapiens GN=PNKP PE=1 SV=1 - [PNKP_HUMAN]	0.1	0.1	0.1	0.1	117.93	0.1	159.0400366	0.1	PNKP	Q96T60
Calponin-2 OS=Homo sapiens GN=CNN2 PE=1 SV=4 - [CNN2_HUMAN]	0.1	0.1	0.1	0.1	0.1	0.1	104.8712323	0.1	CNN2	Q99439
26S proteasome non-ATPase regulatory subunit 1 OS=Homo sapiens GN=PSMD1 PE=1 SV=2 - [PSMD1_HUMAN]	38.90136082	0.1	0.1	0.1	0.1	0.1	51.67	0.1	PSMD1	Q99460
Protein DJ-1 OS=Homo sapiens GN=PARK7 PE=1 SV=2 - [PARK7_HUMAN]	37.58431992	0.1	0.1	0.1	48.26721983	0.1	104.2131839	0.1	PARK7	Q99497
Eukaryotic translation initiation factor 3 subunit C OS=Homo sapiens GN=EIF3C PE=1 SV=1 - [EIF3C_HUMAN]	89.61404877	0.1	0.1	0.1	94.06668925	0.1	104.8153114	0.1	EIF3C	Q99613
Prohibitin-2 OS=Homo sapiens GN=PHB2 PE=1 SV=2 - [PHB2_HUMAN]	0.1	68.29906911	78.45999999999999	85.76651815	97.19	192.9510525	242.0438013	272.6284724	PHB2	Q99623
3-hydroxyacyl-CoA dehydrogenase type-2 OS=Homo sapiens GN=HSD17B10 PE=1 SV=3 - [HCD2_HUMAN]	0.1	0.1	0.1	0.1	60.26	0.1	220.7041921	0.1	HCD2	Q99714
T-complex protein 1 subunit eta OS=Homo sapiens GN=CCT7 PE=1 SV=2 - [TCPH_HUMAN]	129.3710102	102.8370211	162.7981882	96.41315607	194.9711365	149.6387073	215.930854	94.60472247	TCPH	Q99832
Condensin complex subunit 3 OS=Homo sapiens GN=NCAPG PE=1 SV=1 - [CND3_HUMAN]	0.1	0.1	0.1	0.1	0.1	0.1	97.16	0.1	CND3	Q9BPX3
Tubulin alpha-1C chain OS=Homo sapiens GN=TUBA1C PE=1 SV=1 - [TBA1C_HUMAN]	625.0241375000001	772.7769175	0.1	0.1	0.1	0.1	0.1	0.1	TBA1C	Q9BQE3
Extended synaptotagmin-1 OS=Homo sapiens GN=ESYT1 PE=1 SV=1 - [ESYT1_HUMAN]	0.1	0.1	0.1	0.1	151.0938656	0.1	199.877275	0.1	ESYT1	Q9BSJ8
Lipase maturation factor 2 OS=Homo sapiens GN=LMF2 PE=1 SV=2 - [LMF2_HUMAN]	0.1	0.1	0.1	0.1	0.1	0.1	0.1	115.0827931	LMF2	Q9BU23
Tubulin beta-6 chain OS=Homo sapiens GN=TUBB6 PE=1 SV=1 - [TBB6_HUMAN]	0.1	0.1	0.1	0.1	221.6665671	0.1	350.0407692	0.1	TBB6	Q9BUF5
Uncharacterized protein C9orf142 OS=Homo sapiens GN=C9orf142 PE=1 SV=2 - [CI142_HUMAN]	0.1	0.1	0.1	0.1	0.1	0.1	112.8618858	0.1	CI142	Q9BUH6
Ras-related protein Rab-34 OS=Homo sapiens GN=RAB34 PE=1 SV=1 - [RAB34_HUMAN]	0.1	0.1	0.1	0.1	0.1	0.1	133.53	0.1	RAB34	Q9BZG1
Poly [ADP-ribose] polymerase 12 OS=Homo sapiens GN=PARP12 PE=1 SV=1 - [PAR12_HUMAN]	0.1	0.1	0.1	0.1	0.1	0.1	134.91	0.1	PAR12	Q9H0J9
Ras-related protein Rab-1B OS=Homo sapiens GN=RAB1B PE=1 SV=1 - [RAB1B_HUMAN]	0.1	134.9177845	0.1	139.7304585	227.8514653	293.8685498	0.1	187.2148383	RAB1B	Q9H0U4
Probable ATP-dependent RNA helicase DHX36 OS=Homo sapiens GN=DHX36 PE=1 SV=2 - [DHX36_HUMAN]	0.1	0.1	0.1	0.1	73.75911729000001	0.1	0.1	0.1	DHX36	Q9H2U1
Fructosamine-3-kinase OS=Homo sapiens GN=FN3K PE=1 SV=1 - [FN3K_HUMAN]	0.1	0.1	0.1	0.1	0.1	0.1	129.4893693	0.1	FN3K	Q9H479
Golgi-associated plant pathogenesis-related protein 1 OS=Homo sapiens GN=GLIPR2 PE=1 SV=3 - [GAPR1_HUMAN]	0.1	0.1	0.1	0.1	114.8516015	0.1	0.1	0.1	GAPR1	Q9H4G4
Prostaglandin E synthase 2 OS=Homo sapiens GN=PTGES2 PE=1 SV=1 - [PGES2_HUMAN]	0.1	0.1	0.1	0.1	0.1	0.1	0.1	71.65138914000001	PGES2	Q9H7Z7
Sideroflexin-1 OS=Homo sapiens GN=SFXN1 PE=1 SV=4 - [SFXN1_HUMAN]	0.1	0.1	0.1	0.1	62.08	0.1	146.5133292	0.1	SFXN1	Q9H9B4
Non-homologous end-joining factor 1 OS=Homo sapiens GN=NHEJ1 PE=1 SV=1 - [NHEJ1_HUMAN]	0.1	0.1	0.1	0.1	114.61	0.1	144.4566898	0.1	NHEJ1	Q9H9Q4
Ketosamine-3-kinase OS=Homo sapiens GN=FN3KRP PE=1 SV=2 - [KT3K_HUMAN]	0.1	0.1	0.1	0.1	0.1	0.1	97.39351025000001	0.1	KT3K	Q9HA64
Putative helicase MOV-10 OS=Homo sapiens GN=MOV10 PE=1 SV=2 - [MOV10_HUMAN]	0.1	0.1	0.1	0.1	86.60333333	0.1	101.4166667	0.1	MOV10	Q9HCE1
Ras-related protein Rab-18 OS=Homo sapiens GN=RAB18 PE=1 SV=1 - [RAB18_HUMAN]	0.1	0.1	0.1	0.1	0.1	60.63748033	60.03196863	0.1	RAB18	Q9NP72
Reticulon-4 OS=Homo sapiens GN=RTN4 PE=1 SV=2 - [RTN4_HUMAN]	0.1	0.1	0.1	0.1	87.02	0.1	54.85	0.1	RTN4	Q9NQC3
GTP-binding protein SAR1a OS=Homo sapiens GN=SAR1A PE=1 SV=1 - [SAR1A_HUMAN]	0.1	0.1	0.1	0.1	0.1	0.1	74.67	51.76118062	SAR1A	Q9NR31
Keratin, type II cuticular Hb4 OS=Homo sapiens GN=KRT84 PE=2 SV=2 - [KRT84_HUMAN]	0.1	0.1	0.1	0.1	280.9226808	0.1	0.1	0.1	KRT84	Q9NSB2
Keratin, type II cuticular Hb2 OS=Homo sapiens GN=KRT82 PE=1 SV=3 - [KRT82_HUMAN]	0.1	0.1	0.1	0.1	0.1	0.1	243.9682093	0.1	KRT82	Q9NSB4
Structural maintenance of chromosomes protein 4 OS=Homo sapiens GN=SMC4 PE=1 SV=2 - [SMC4_HUMAN]	0.1	0.1	0.1	0.1	111.92	0.1	217.9812942	0.1	SMC4	Q9NTJ3
Constitutive coactivator of PPAR-gamma-like protein 1 OS=Homo sapiens GN=FAM120A PE=1 SV=2 - [F120A_HUMAN]	0.1	0.1	0.1	0.1	156.7465831	0.1	111.2870582	0.1	F120A	Q9NZB2
Insulin-like growth factor 2 mRNA-binding protein 1 OS=Homo sapiens GN=IGF2BP1 PE=1 SV=2 - [IF2B1_HUMAN]	0.1	0.1	0.1	0.1	238.2242857	0.1	121.8333333	0.1	IF2B1	Q9NZI8
Myoferlin OS=Homo sapiens GN=MYOF PE=1 SV=1 - [MYOF_HUMAN]	0.1	0.1	0.1	0.1	101.71	88.21397103	333.3315757	95.56544698	MYOF	Q9NZM1
Ribosome-binding protein 1 OS=Homo sapiens GN=RRBP1 PE=1 SV=4 - [RRBP1_HUMAN]	0.1	0.1	0.1	0.1	0.1	70.65673864999999	0.1	170.7142487	RRBP1	Q9P2E9
Leucine--tRNA ligase, cytoplasmic OS=Homo sapiens GN=LARS PE=1 SV=2 - [SYLC_HUMAN]	109.8533333	0.1	0.1	0.1	89.75	0.1	147.58	0.1	SYLC	Q9P2J5
Ataxin-10 OS=Homo sapiens GN=ATXN10 PE=1 SV=1 - [ATX10_HUMAN]	0.1	0.1	0.1	0.1	136.3966667	0.1	215.1040652	0.1	ATX10	Q9UBB4
Guanine nucleotide-binding protein G(I)/G(S)/G(O) subunit gamma-12 OS=Homo sapiens GN=GNG12 PE=1 SV=3 - [GBG12_HUMAN]	0.1	0.1	0.1	0.1	0.1	129.1587073	0.1	84.08138914	GBG12	Q9UBI6
7-dehydrocholesterol reductase OS=Homo sapiens GN=DHCR7 PE=1 SV=1 - [DHCR7_HUMAN]	0.1	0.1	0.1	0.1	0.1	0.1	85.55	0.1	DHCR7	Q9UBM7
Histone deacetylase 6 OS=Homo sapiens GN=HDAC6 PE=1 SV=2 - [HDAC6_HUMAN]	834.5936056	932.3648145	194.8955235	227.7736548	494.629826	627.1596155	576.8435701	682.6297607	HDAC6	Q9UBN7
Glyoxylate reductase/hydroxypyruvate reductase OS=Homo sapiens GN=GRHPR PE=1 SV=1 - [GRHPR_HUMAN]	0.1	0.1	0.1	0.1	0.1	0.1	109.57	0.1	GRHPR	Q9UBQ7
Poly [ADP-ribose] polymerase 2 OS=Homo sapiens GN=PARP2 PE=1 SV=2 - [PARP2_HUMAN]	0.1	0.1	0.1	0.1	193.91	0.1	343.8395129	0.1	PARP2	Q9UGN5
SUN domain-containing protein 2 OS=Homo sapiens GN=SUN2 PE=1 SV=3 - [SUN2_HUMAN]	110.28	0.1	0.1	0.1	219.84	0.1	209.125	0.1	SUN2	Q9UH99
Signal recognition particle subunit SRP68 OS=Homo sapiens GN=SRP68 PE=1 SV=2 - [SRP68_HUMAN]	0.1	0.1	0.1	0.1	0.1	0.1	83.56857418	0.1	SRP68	Q9UHB9
Prenylcysteine oxidase 1 OS=Homo sapiens GN=PCYOX1 PE=1 SV=3 - [PCYOX_HUMAN]	0.1	0.1	0.1	0.1	0.1	0.1	139.13	0.1	PCYOX	Q9UHG3
Calcium-binding mitochondrial carrier protein Aralar2 OS=Homo sapiens GN=SLC25A13 PE=1 SV=2 - [CMC2_HUMAN]	0.1	0.1	0.1	0.1	121.6233333	0.1	100.8	0.1	CMC2	Q9UJS0
Stomatin-like protein 2, mitochondrial OS=Homo sapiens GN=STOML2 PE=1 SV=1 - [STML2_HUMAN]	0.1	0.1	0.1	0.1	105.75	59.37346943	89.90000000000001	58.23138914	STML2	Q9UJZ1
F-box only protein 3 OS=Homo sapiens GN=FBXO3 PE=1 SV=3 - [FBX3_HUMAN]	0.1	0.1	0.1	0.1	75.56724769	0.1	140.8923201	0.1	FBX3	Q9UK99
Ras-related protein Rab-21 OS=Homo sapiens GN=RAB21 PE=1 SV=3 - [RAB21_HUMAN]	0.1	0.1	0.1	0.1	0.1	0.1	171.62	0.1	RAB21	Q9UL25
Proteasome activator complex subunit 2 OS=Homo sapiens GN=PSME2 PE=1 SV=4 - [PSME2_HUMAN]	0.1	0.1	0.1	0.1	0.1	0.1	132.63	0.1	PSME2	Q9UL46
Ras GTPase-activating protein-binding protein 2 OS=Homo sapiens GN=G3BP2 PE=1 SV=2 - [G3BP2_HUMAN]	0.1	0.1	0.1	0.1	113.22	0.1	147.34	0.1	G3BP2	Q9UN86
RuvB-like 2 OS=Homo sapiens GN=RUVBL2 PE=1 SV=3 - [RUVB2_HUMAN]	0.1	0.1	0.1	0.1	0.1	0.1	100.8192043	0.1	RUVB2	Q9Y230
Eukaryotic translation initiation factor 3 subunit L OS=Homo sapiens GN=EIF3L PE=1 SV=1 - [EIF3L_HUMAN]	0.1	0.1	0.1	0.1	155.3370256	0.1	126.1	0.1	EIF3L	Q9Y262
RuvB-like 1 OS=Homo sapiens GN=RUVBL1 PE=1 SV=1 - [RUVB1_HUMAN]	80.3	0.1	74.14409388999999	0.1	112.1496416	156.7334366	146.0144994	0.1	RUVB1	Q9Y265
Voltage-dependent anion-selective channel protein 3 OS=Homo sapiens GN=VDAC3 PE=1 SV=1 - [VDAC3_HUMAN]	0.1	0.1	0.1	0.1	0.1	75.47460873999999	49.313912	67.58236124	VDAC3	Q9Y277
Phenylalanine--tRNA ligase alpha subunit OS=Homo sapiens GN=FARSA PE=1 SV=3 - [SYFA_HUMAN]	97.38643315	0.1	0.1	0.1	84.84548574999999	0.1	72.83955371	0.1	SYFA	Q9Y285
Polymerase delta-interacting protein 2 OS=Homo sapiens GN=POLDIP2 PE=1 SV=1 - [PDIP2_HUMAN]	120.3653431	196.7587004	108.5526982	0.1	96.15000000000001	0.1	130.0406173	0.1	PDIP2	Q9Y2S7
Thyroid hormone receptor-associated protein 3 OS=Homo sapiens GN=THRAP3 PE=1 SV=2 - [TR150_HUMAN]	0.1	0.1	0.1	0.1	67.51000000000001	0.1	0.1	0.1	TR150	Q9Y2W1
Putative RNA-binding protein Luc7-like 2 OS=Homo sapiens GN=LUC7L2 PE=1 SV=2 - [LC7L2_HUMAN]	0.1	0.1	0.1	0.1	82.69	0.1	0.1	0.1	LC7L2	Q9Y383
Serine-threonine kinase receptor-associated protein OS=Homo sapiens GN=STRAP PE=1 SV=1 - [STRAP_HUMAN]	0.1	0.1	0.1	0.1	0.1	0.1	236.62	0.1	STRAP	Q9Y3F4
Talin-1 OS=Homo sapiens GN=TLN1 PE=1 SV=3 - [TLN1_HUMAN]	0.1	99.28906911	283.8228668	0.1	373.2992308	251.8728759	681.4647045	108.4603128	TLN1	Q9Y490
YTH domain-containing family protein 2 OS=Homo sapiens GN=YTHDF2 PE=1 SV=2 - [YTHD2_HUMAN]	0.1	0.1	0.1	0.1	106.9159327	0.1	81.70062183	0.1	YTHD2	Q9Y5A9
FACT complex subunit SPT16 OS=Homo sapiens GN=SUPT16H PE=1 SV=1 - [SP16H_HUMAN]	0.1	0.1	0.1	0.1	96.22	0.1	218.5981818	0.1	SP16H	Q9Y5B9
Signal recognition particle receptor subunit beta OS=Homo sapiens GN=SRPRB PE=1 SV=3 - [SRPRB_HUMAN]	0.1	0.1	0.1	0.1	171.02	91.52264735999999	138.89	0.1	SRPRB	Q9Y5M8
Coatomer subunit gamma-1 OS=Homo sapiens GN=COPG1 PE=1 SV=1 - [COPG1_HUMAN]	0.1	0.1	0.1	0.1	0.1	0.1	159.9217312	0.1	COPG1	Q9Y678
Sulfide:quinone oxidoreductase, mitochondrial OS=Homo sapiens GN=SQRDL PE=1 SV=1 - [SQRD_HUMAN]	0.1	0.1	0.1	0.1	0.1	0.1	116.18	0.1	SQRD	Q9Y6N5
